,,,,,
,,,,,
,,,,,
,,,,,
,,,,,
,,,,,
The top Brands in 2019,,,,,
,,,,,
Rank,Brand,Product Category,Points,,
1,Coca-Cola,Soft Drinks,147.1,,
2,McDonald's,Retail,115.4,,
3,Burger King,Retail,96.6,,
4,IKEA,Retail,78.0,,
5,Carvaan,Media & Publishing,75.2,,
6,Pedigree,Household & Domestic,72.9,,
7,Savlon,Toiletries & Cosmetics,72.8,,
8,Nissan,Automotive,70.7,,
9,Harpic,Household & Domestic,70.2,,
10,Vodafone,Telecoms & Utilities,67.2,,
11,Aldi,Retail,66.5,,
12,Snickers,Food,64.5,,
13,Mastercard,Financial Services,60.5,,
14,True Match,Toiletries & Cosmetics,58.9,,
15,Heineken,Alcoholic Drinks,53.8,,
16,University of Melbourne,"Non-profit, public sector & education",53.1,,
17,Audi,Automotive,52.9,,
18,OMO,Household & Domestic,52.4,,
19,adidas Originals,Clothing & Accessories,52.0,,
20,Lidl,Retail,51.2,,
21,State Street Global Advisors,Financial Services,50.1,,
22,Paytm,Financial Services,49.5,,
23,Greenpeace,"Non-profit, public sector & education",49.1,,
24,Kotex,Toiletries & Cosmetics,48.5,,
25,Cochlear,Pharma & Healthcare,45.9,,
26,Santander Bank,Financial Services,42.4,,
27,Visit Flanders,Transport & Tourism,39.8,,
28,Direct Line,Financial Services,39.4,,
29,Indian Association of Palliative Care,"Non-profit, public sector & education",38.0,,
30,David Sheldrick Wildlife Trust,"Non-profit, public sector & education",37.9,,
31,Movistar,Telecoms & Utilities,36.8,,
32,Colorista,Toiletries & Cosmetics,36.7,,
32,Guinness,Alcoholic Drinks,36.7,,
34,Narayana Health,Pharma & Healthcare,36.6,,
35,Entel,Telecoms & Utilities,35.1,,
36,AA,Financial Services,34.2,,
37,Chevrolet,Automotive,33.9,,
38,John Lewis & Partners,Retail,33.8,,
39,Meat & Livestock Australia,Food,32.9,,
40,Tecate,Alcoholic Drinks,32.3,,
41,KFC,Retail,32.2,,
42,Surf Excel,Household & Domestic,32.0,,
43,Grads of Life,"Non-profit, public sector & education",31.1,,
44,Jollibee,Retail,30.4,,
45,The New York Times,Media & Publishing,30.1,,
46,Cheetos,Food,30.0,,
47,Swann Insurance,Financial Services,29.9,,
48,Prospan,Pharma & Healthcare,29.6,,
48,Ella's Kitchen,Food,29.6,,
48,DFS,Retail,29.6,,
48,British Army,"Non-profit, public sector & education",29.6,,
48,Suzuki,Automotive,29.6,,
53,HP,Technology & Electronics,29.3,,
54,Apple,Technology & Electronics,29.1,,
55,Airbnb,Transport & Tourism,28.8,,
56,Vicks,Pharma & Healthcare,28.6,,
57,Uniqlo,Retail,28.3,,
58,Velocity Frequent Flyer,Transport & Tourism,27.8,,
59,IBM Watson,Technology & Electronics,26.6,,
59,2degress Mobile,Telecoms & Utilities,26.6,,
59,Mudah.my,Retail,26.6,,
59,DB Export,Alcoholic Drinks,26.6,,
59,Clear,Toiletries & Cosmetics,26.6,,
64,Boost Mobile,Telecoms & Utilities,26.1,,
65,Newsan,Business & Industrial,25.8,,
65,Soothers,Pharma & Healthcare,25.8,,
67,Samsung Galaxy,Technology & Electronics,25.7,,
68,Avianca,Transport & Tourism,25.6,,
69,Volkswagen,Automotive,25.3,,
70,Puck,Food,25.2,,
71,Procter & Gamble,Toiletries & Cosmetics,24.2,,
72,Baileys,Alcoholic Drinks,23.8,,
73,Visa,Financial Services,23.6,,
74,Connect,Telecoms & Utilities,22.8,,
75,MiBanco,Financial Services,22.7,,
75,Durex,Pharma & Healthcare,22.7,,
77,Saudi Telecom Company,Telecoms & Utilities,22.6,,
78,Free Democratic Party,"Non-profit, public sector & education",22.5,,
79,UNICEF,"Non-profit, public sector & education",22.1,,
80,Yorkshire Tea,Soft Drinks,22.0,,
80,The Roadster Life Co.,Clothing & Accessories,22.0,,
82,Orange,Telecoms & Utilities,21.6,,
83,Bodyform/Libresse,Toiletries & Cosmetics,21.4,,
84,Cathay Pacific,Transport & Tourism,21.2,,
84,Parodontax,Toiletries & Cosmetics,21.2,,
84,Art Fund,"Non-profit, public sector & education",21.2,,
84,Mr. Clean,Household & Domestic,21.2,,
88,Pepsi,Soft Drinks,20.5,,
89,Mobil Delvac,Business & Industrial,20.2,,
89,Polla Chilena de Beneficencia,Leisure & Entertainment,20.2,,
89,Lotto,Leisure & Entertainment,20.2,,
92,Koskenkorva,Alcoholic Drinks,20.1,,
92,US Army,"Non-profit, public sector & education",20.1,,
92,Sandy Hook Promise,"Non-profit, public sector & education",20.1,,
92,Off The Street Club,"Non-profit, public sector & education",20.1,,
92,DUO,Pharma & Healthcare,20.1,,
97,Ožujsko,Alcoholic Drinks,20.0,,
97,SickKids Foundation,"Non-profit, public sector & education",20.0,,
97,Saltwater Brewery,Alcoholic Drinks,20.0,,
97,Tencent QQ,Telecoms & Utilities,20.0,,
101,Amazon,Retail,19.8,,
102,Dove,Toiletries & Cosmetics,19.7,,
102,Skittles,Food,19.7,,
102,SK-II,Toiletries & Cosmetics,19.7,,
102,PurpleBricks,Business & Industrial,19.7,,
102,Virgin Media,Telecoms & Utilities,19.7,,
102,Barclays,Financial Services,19.7,,
102,Sport England,"Non-profit, public sector & education",19.7,,
102,Nationwide,Financial Services,19.7,,
102,Weetabix,Food,19.7,,
102,Art Institute of Chicago,Leisure & Entertainment,19.7,,
102,Starbucks,Retail,19.7,,
113,Nike,Clothing & Accessories,19.4,,
114,Nescafé,Soft Drinks,19.2,,
115,Verena Sure,Pharma & Healthcare,19.0,,
115,Manzana Postobón,Soft Drinks,19.0,,
117,O2,Telecoms & Utilities,18.9,,
118,Farmers Insurance,Financial Services,18.5,,
118,truth,"Non-profit, public sector & education",18.5,,
120,Prudential,Financial Services,18.4,,
121,Star Plus,Media & Publishing,18.3,,
122,Issue,Toiletries & Cosmetics,18.2,,
122,Colombian Red Cross,"Non-profit, public sector & education",18.2,,
124,EDEKA,Retail,18.1,,
124,Telekom,Telecoms & Utilities,18.1,,
126,hearLIFE Clinic,Pharma & Healthcare,18.0,,
126,MTS,Telecoms & Utilities,18.0,,
128,Gen Cero,"Non-profit, public sector & education",17.9,,
129,Johnson's Baby,Toiletries & Cosmetics,17.4,,
129,Tele2,Telecoms & Utilities,17.4,,
131,Intermarché,Retail,17.3,,
132,Claro,Telecoms & Utilities,17.2,,
133,Itaú Unibanco,Financial Services,17.1,,
133,Louvre Abu Dhabi,Leisure & Entertainment,17.1,,
133,Whiskas,Household & Domestic,17.1,,
136,EGBank,Financial Services,17.0,,
136,M&M's,Food,17.0,,
138,Defence Force Recruitment,"Non-profit, public sector & education",16.9,,
139,Schneider,Alcoholic Drinks,16.7,,
140,ING Bank,Financial Services,16.2,,
141,Athenian Brewery,Alcoholic Drinks,16.1,,
141,Cristal,Alcoholic Drinks,16.1,,
141,MoonPie,Food,16.1,,
141,Highmark Blue Cross Blue Shield Delaware,Financial Services,16.1,,
141,MagicHOME,"Non-profit, public sector & education",16.1,,
141,Mifal HaPayis,Leisure & Entertainment,16.1,,
141,Tramontina del Ecuador S.A.,Business & Industrial,16.1,,
148,Sarubbi,Food,16.0,,
149,Oreo,Food,15.9,,
149,Electrolux,Technology & Electronics,15.9,,
151,Second Chances,"Non-profit, public sector & education",15.8,,
152,Penny,Retail,15.7,,
152,Zantiis,Toiletries & Cosmetics,15.7,,
152,Harley-Davidson,Automotive,15.7,,
152,LG Electronics,Technology & Electronics,15.7,,
152,Kaspersky Lab,Technology & Electronics,15.7,,
157,Febreze,Household & Domestic,15.6,,
158,The Women's Foundation,"Non-profit, public sector & education",15.5,,
159,Winny,Toiletries & Cosmetics,15.3,,
159,Colombian Society of Urology,"Non-profit, public sector & education",15.3,,
159,Theraflu,Pharma & Healthcare,15.3,,
162,Dubai Properties,Business & Industrial,15.2,,
162,Uber,Transport & Tourism,15.2,,
162,Datsun redi-GO,Automotive,15.2,,
162,JetBlue Airways,Transport & Tourism,15.2,,
162,Listerine,Toiletries & Cosmetics,15.2,,
167,Federal Public Service Chancellery of the Prime Minister,"Non-profit, public sector & education",15.1,,
168,Mitsubishi,Automotive,14.7,,
169,Ministry of Public Health,"Non-profit, public sector & education",14.6,,
169,Harry's,Toiletries & Cosmetics,14.6,,
169,Pediatric Brain Tumor Foundation,"Non-profit, public sector & education",14.6,,
172,Initiative 2030,"Non-profit, public sector & education",14.5,,
172,Budweiser,Alcoholic Drinks,14.5,,
174,Ford,Automotive,14.4,,
175,Addict'Aide,"Non-profit, public sector & education",14.3,,
176,Income,Financial Services,14.1,,
176,Westpac,Financial Services,14.1,,
176,Bezeq,Telecoms & Utilities,14.1,,
179,Aerolineas Argentinas,Transport & Tourism,14.0,,
179,The Live Love Laugh Foundation,"Non-profit, public sector & education",14.0,,
181,Ponle Corazon,"Non-profit, public sector & education",13.8,,
182,EPICA,Food,13.5,,
183,Milo,Soft Drinks,13.4,,
183,Magnum,Food,13.4,,
183,Smirnoff,Alcoholic Drinks,13.4,,
183,Child Focus,"Non-profit, public sector & education",13.4,,
187,Magazine Luiza,Retail,13.3,,
187,Fanta,Soft Drinks,13.3,,
187,Bancolombia,Financial Services,13.3,,
190,Pantene,Toiletries & Cosmetics,13.2,,
191,INFINITI,Automotive,13.1,,
192,Jumbo,Retail,12.9,,
193,Nippon Pylox,Household & Domestic,12.8,,
194,HBO,Media & Publishing,12.6,,
195,Durex Jeans,Pharma & Healthcare,12.5,,
196,WOŚP Foundation,"Non-profit, public sector & education",12.4,,
197,Emirates NBD,Financial Services,12.3,,
197,Avon,Toiletries & Cosmetics,12.3,,
199,ActionAid,"Non-profit, public sector & education",12.1,,
199,Virgin Atlantic Airlines,Transport & Tourism,12.1,,
199,Arby's,Food,12.1,,
199,Allegheny Health Network,"Non-profit, public sector & education",12.1,,
199,Ulta Beauty,Toiletries & Cosmetics,12.1,,
199,Dinty Moore Stew,Food,12.1,,
199,Taco Bell,Retail,12.1,,
206,Holcim,Business & Industrial,12.0,,
206,Cerveza Victoria,Alcoholic Drinks,12.0,,
208,Fox Premium,Media & Publishing,11.9,,
208,TyC Sports,Media & Publishing,11.9,,
210,Mokjang Nadeuli,Food,11.5,,
211,Bill & Melinda Gates Foundation,"Non-profit, public sector & education",11.4,,
211,Maharashtra Dyslexia Association,"Non-profit, public sector & education",11.4,,
213,Sixt,Transport & Tourism,11.3,,
214,The BELA Foundation,"Non-profit, public sector & education",11.2,,
214,Conscience,Financial Services,11.2,,
214,Omsk Bacon,Food,11.2,,
214,Whirlpool,Technology & Electronics,11.2,,
214,Colgate,Toiletries & Cosmetics,11.2,,
219,Reclame Aquí,Media & Publishing,11.1,,
220,Al-Rajhi Bank,Financial Services,10.9,,
220,Jarir Bookstore,Retail,10.9,,
222,Lacoste,Clothing & Accessories,10.8,,
223,IDFC Bank,Financial Services,10.7,,
223,Hepar,Soft Drinks,10.7,,
223,Geological Survey of Canada,Business & Industrial,10.7,,
223,Socialistisk Folkeparti (SF),"Non-profit, public sector & education",10.7,,
223,Pril,Household & Domestic,10.7,,
228,Busan Metropolitan Police Agency,"Non-profit, public sector & education",10.6,,
228,Kyungdong Navien,Business & Industrial,10.6,,
228,Incheon Metropolitan City,Transport & Tourism,10.6,,
228,Berocca,Pharma & Healthcare,10.6,,
228,Shan Foods,Food,10.6,,
228,Chengzhen,Food,10.6,,
228,Revitalift Laser,Toiletries & Cosmetics,10.6,,
228,Circles.Life,Telecoms & Utilities,10.6,,
228,BIC,Household & Domestic,10.6,,
228,Thai Life Insurance,Financial Services,10.6,,
228,KitKat,Food,10.6,,
228,MJ Bale,Retail,10.6,,
228,Canadian Club,Alcoholic Drinks,10.6,,
241,BBVA Bancomer,Financial Services,10.5,,
241,Kraken Ghost,Alcoholic Drinks,10.5,,
241,Noblex,Technology & Electronics,10.5,,
241,Tulipán,Toiletries & Cosmetics,10.5,,
241,Volkswagen Amarok,Automotive,10.5,,
246,Maybelline,Toiletries & Cosmetics,10.4,,
247,Tadım Kuruyemiş Bar,Food,10.3,,
247,Tesco,Retail,10.3,,
249,Bene,Retail,10.2,,
250,Seth & Ryan's Garage,Alcoholic Drinks,10.1,,
250,School,Media & Publishing,10.1,,
250,Beer Point,Retail,10.1,,
250,Tabletochki,"Non-profit, public sector & education",10.1,,
250,Ukrainian Leadership Academy,"Non-profit, public sector & education",10.1,,
250,Play-Doh,Leisure & Entertainment,10.1,,
250,BBVA,Financial Services,10.1,,
250,Alpina Milk,Soft Drinks,10.1,,
250,DSK Bank,Financial Services,10.1,,
250,Decathlon,Retail,10.1,,
250,Spark,Telecoms & Utilities,10.1,,
250,Bay Audiology,Pharma & Healthcare,10.1,,
250,New Zealand Police,"Non-profit, public sector & education",10.1,,
250,Human Rights Commission,"Non-profit, public sector & education",10.1,,
250,Skinny,Telecoms & Utilities,10.1,,
250,Newshub,Media & Publishing,10.1,,
250,Netsafe,"Non-profit, public sector & education",10.1,,
250,Movember Foundation,"Non-profit, public sector & education",10.1,,
250,Kone,Business & Industrial,10.1,,
250,Plaza Vea,Retail,10.1,,
250,Tuna Primor,Food,10.1,,
250,Yopi Mix,Food,10.1,,
250,Andino Ultra,Business & Industrial,10.1,,
250,Mizrahi-Tefahot Bank,Financial Services,10.1,,
274,Cervecería Nacional,Alcoholic Drinks,10.0,,
274,Novartis,Pharma & Healthcare,10.0,,
274,Amnesty International,"Non-profit, public sector & education",10.0,,
274,Transport Accident Commision,"Non-profit, public sector & education",10.0,,
274,iFood,Retail,10.0,,
279,Covonia,Pharma & Healthcare,9.9,,
279,Ribena,Soft Drinks,9.9,,
279,IAG Cargo,Business & Industrial,9.9,,
279,Vype,Tobacco,9.9,,
279,32Red,Leisure & Entertainment,9.9,,
284,Fitness,Food,9.8,,
284,Kia,Automotive,9.8,,
286,Mucinex,Pharma & Healthcare,9.7,,
286,National Safety Council,"Non-profit, public sector & education",9.7,,
286,Clash of Clans,Leisure & Entertainment,9.7,,
286,Phillips 66 gas,Business & Industrial,9.7,,
286,Lysol,Household & Domestic,9.7,,
286,TD Ameritrade,Financial Services,9.7,,
292,BabyLove,Toiletries & Cosmetics,9.5,,
293,Commonwealth Bank,Financial Services,9.4,,
293,Lexus IS,Automotive,9.4,,
293,Timberland,Clothing & Accessories,9.4,,
293,The Orange Project,"Non-profit, public sector & education",9.4,,
293,Cineplex Entertainment,Leisure & Entertainment,9.4,,
293,Singapore Tourism Board,Transport & Tourism,9.4,,
293,Interac Association,Financial Services,9.4,,
293,Women for Women,"Non-profit, public sector & education",9.4,,
293,Indian Motorcycle,Automotive,9.4,,
293,T-Mobile,Telecoms & Utilities,9.4,,
303,Marmite,Food,9.2,,
303,Saffola Masala Oats,Food,9.2,,
305,UOB Private Bank,Financial Services,9.1,,
305,Volvo,Automotive,9.1,,
307,FC Lokomotiv,Leisure & Entertainment,9.0,,
307,Microlax,Pharma & Healthcare,9.0,,
307,Jacobs Millicano,Soft Drinks,9.0,,
310,Vivo,Telecoms & Utilities,8.9,,
311,Mercedes-Benz,Automotive,8.8,,
312,Lifebuoy,Toiletries & Cosmetics,8.7,,
313,Inka Cola,Soft Drinks,8.6,,
313,The Egyptian Autistic Society,"Non-profit, public sector & education",8.6,,
313,Prega News,Pharma & Healthcare,8.6,,
316,Chevrolet Spark,Automotive,8.4,,
316,#Verificados19s,"Non-profit, public sector & education",8.4,,
316,Special Olympics,"Non-profit, public sector & education",8.4,,
316,HSBC,Financial Services,8.4,,
316,Brahma,Alcoholic Drinks,8.4,,
316,Netflix,Media & Publishing,8.4,,
316,Quilmes,Alcoholic Drinks,8.4,,
316,Nestlé,Food,8.4,,
324,Beko,Technology & Electronics,8.3,,
324,Byblos Bank,Financial Services,8.3,,
326,Tymbark,Soft Drinks,8.2,,
326,Türkiye İş Bankası,Financial Services,8.2,,
326,IKSV,"Non-profit, public sector & education",8.2,,
326,Migros,Retail,8.2,,
326,Vestel,Household & Domestic,8.2,,
326,Eczacıbaşı Topluluğu,Financial Services,8.2,,
326,Maybelline Fit Me,Toiletries & Cosmetics,8.2,,
326,Philips,Household & Domestic,8.2,,
334,Reebok,Clothing & Accessories,8.1,,
334,Philips OneBlade,Toiletries & Cosmetics,8.1,,
334,CSS Insurance,Financial Services,8.1,,
334,Vidchui,"Non-profit, public sector & education",8.1,,
334,Banco Caja Social,Financial Services,8.1,,
334,Transbank Redcompra,Financial Services,8.1,,
334,Loteria,Leisure & Entertainment,8.1,,
334,Champion Cat,Household & Domestic,8.1,,
334,Anchor,Food,8.1,,
334,Fonterra Milk for Schools,Soft Drinks,8.1,,
334,Huggies,Toiletries & Cosmetics,8.1,,
334,Crisis Management Initiative,"Non-profit, public sector & education",8.1,,
334,La Ponchila,"Non-profit, public sector & education",8.1,,
347,Brawny,Business & Industrial,8.0,,
347,Subaru,Automotive,8.0,,
347,Aveeno,Toiletries & Cosmetics,8.0,,
347,Canadian Down Syndrome Society,"Non-profit, public sector & education",8.0,,
347,Bleacher Report,Media & Publishing,8.0,,
347,DICK’S Sporting Goods,Retail,8.0,,
347,Dr Scholl's,Pharma & Healthcare,8.0,,
347,Chase Ink,Financial Services,8.0,,
347,Ministry of Health and Long-Term Care,"Non-profit, public sector & education",8.0,,
347,Principal Financial Group,Financial Services,8.0,,
347,Nutro,Household & Domestic,8.0,,
347,Hangar 1 Fog Point,Alcoholic Drinks,8.0,,
347,Barba Men’s Grooming Boutique,"Non-profit, public sector & education",8.0,,
347,US Centers for Disease Control and Prevention,"Non-profit, public sector & education",8.0,,
347,Extra Gum,Food,8.0,,
347,Hulu,Media & Publishing,8.0,,
347,Citizens' Action Party,"Non-profit, public sector & education",8.0,,
364,Faber-Castell,Household & Domestic,7.8,,
364,Havaianas,Clothing & Accessories,7.8,,
364,O Boticário,Toiletries & Cosmetics,7.8,,
364,Chevrolet Onix,Automotive,7.8,,
368,Acuvue Define,Pharma & Healthcare,7.7,,
368,Dettol,Household & Domestic,7.7,,
370,CEAT,Automotive,7.6,,
370,Pampers,Toiletries & Cosmetics,7.6,,
372,Doritos,Food,7.2,,
373,Fleggaard,Retail,7.1,,
373,Maxis,Telecoms & Utilities,7.1,,
373,Age UK,"Non-profit, public sector & education",7.1,,
373,Hinge,Media & Publishing,7.1,,
373,Vaseline,Toiletries & Cosmetics,7.1,,
373,Microsoft,Technology & Electronics,7.1,,
373,Aquaguard,Household & Domestic,7.1,,
373,Antarctica Beer,Alcoholic Drinks,7.1,,
381,Bank of America,Financial Services,7.0,,
382,Absolut Vodka,Alcoholic Drinks,6.9,,
382,Goodknight,Pharma & Healthcare,6.9,,
382,Chupa Chups,Food,6.9,,
382,Hotstar,Media & Publishing,6.9,,
382,Pizza Hut,Retail,6.9,,
382,Rajasthan Tourism,Transport & Tourism,6.9,,
388,Katjes,Food,6.8,,
388,Reinsclassen,Media & Publishing,6.8,,
388,Berliner Verkehrsbetriebe,Transport & Tourism,6.8,,
391,Bochkarev,Alcoholic Drinks,6.7,,
391,Sberbank,Financial Services,6.7,,
391,Renault,Automotive,6.7,,
391,M.Video,Retail,6.7,,
391,Royal Canin,Household & Domestic,6.7,,
391,Takeda Pharmaceuticals,Pharma & Healthcare,6.7,,
391,PlayStation,Technology & Electronics,6.7,,
391,Ipiranga,Business & Industrial,6.7,,
391,Natura,Toiletries & Cosmetics,6.7,,
391,Instituto Maria da Penha,"Non-profit, public sector & education",6.7,,
401,Ethiad,Transport & Tourism,6.5,,
401,Schweppes,Soft Drinks,6.5,,
401,Tunisie Telecom,Telecoms & Utilities,6.5,,
401,Shell Rimula,Business & Industrial,6.5,,
401,Atlantis The Palm,Transport & Tourism,6.5,,
401,Microsoft Azure,Technology & Electronics,6.5,,
401,Babyshop,Retail,6.5,,
401,Embrator,Retail,6.5,,
401,Transvania,Transport & Tourism,6.5,,
401,Fleury Michon,Food,6.5,,
401,DRIEA,"Non-profit, public sector & education",6.5,,
401,Boursorama,Financial Services,6.5,,
401,Stihl,Technology & Electronics,6.5,,
401,Nett,Toiletries & Cosmetics,6.5,,
401,Castrorama,Retail,6.5,,
401,Das Weltauto,Automotive,6.5,,
417,du Telecommunication,Telecoms & Utilities,6.4,,
417,Honey Nut Cheerios,Food,6.4,,
417,Rice Krispies Treats,Food,6.4,,
417,Škoda,Automotive,6.4,,
421,Officeworks,Retail,6.3,,
421,Optus,Telecoms & Utilities,6.3,,
421,Indio,Alcoholic Drinks,6.3,,
421,Arriba México,"Non-profit, public sector & education",6.3,,
421,AT&T,Telecoms & Utilities,6.3,,
421,Saba,Toiletries & Cosmetics,6.3,,
421,Swisscom,Telecoms & Utilities,6.3,,
421,#SmokingBlind,"Non-profit, public sector & education",6.3,,
421,Aetna,Financial Services,6.3,,
421,Citrix,Technology & Electronics,6.3,,
421,Lucchetti,Food,6.3,,
421,Grupo Cencosud,Retail,6.3,,
421,American Express,Financial Services,6.3,,
421,Haciendo Lío,"Non-profit, public sector & education",6.3,,
421,Villavicencio,Soft Drinks,6.3,,
436,Tuenti,Telecoms & Utilities,6.2,,
436,Dr. Witt,Soft Drinks,6.2,,
436,Kurpiodobre,Food,6.2,,
436,PLAY,Telecoms & Utilities,6.2,,
436,Huawei,Technology & Electronics,6.2,,
436,mBank,Financial Services,6.2,,
436,Whisper,Toiletries & Cosmetics,6.2,,
436,Fiat,Automotive,6.2,,
436,Beşiktaş JK,Leisure & Entertainment,6.2,,
436,Doğadan,Soft Drinks,6.2,,
436,Koç Holding,Business & Industrial,6.2,,
436,Atasay,Clothing & Accessories,6.2,,
436,Z.U.L.A,Leisure & Entertainment,6.2,,
436,Ülker Yupo Çokojelo,Food,6.2,,
436,Dacia Duster,Automotive,6.2,,
436,AXE,Toiletries & Cosmetics,6.2,,
436,Getir,Retail,6.2,,
436,Golf Dondurma,Food,6.2,,
436,Zeeman,Retail,6.2,,
436,Albert Heijn,Retail,6.2,,
456,Kurt Mann Bäckerei & Konditorei,Food,6.1,,
456,VICHY Minéral 89,Toiletries & Cosmetics,6.1,,
456,Stibitzer,Alcoholic Drinks,6.1,,
456,Bolero,Financial Services,6.1,,
456,Graubünden,Transport & Tourism,6.1,,
456,Federal Office of Public Health BAG,"Non-profit, public sector & education",6.1,,
456,Mini Migros,Retail,6.1,,
456,Touring Club Suisse,Leisure & Entertainment,6.1,,
456,The Mobillar,Financial Services,6.1,,
456,Vögele Shoes,Clothing & Accessories,6.1,,
456,Můjtečet Plus,Financial Services,6.1,,
456,RunTour,Leisure & Entertainment,6.1,,
456,Paměť národa,"Non-profit, public sector & education",6.1,,
456,Radegast Rázná 10,Alcoholic Drinks,6.1,,
456,Kofola,Soft Drinks,6.1,,
456,Samsung,Technology & Electronics,6.1,,
456,Kyivstar,Telecoms & Utilities,6.1,,
456,Martini,Alcoholic Drinks,6.1,,
456,1+1 Media Group,Media & Publishing,6.1,,
456,Garnier Pure,Toiletries & Cosmetics,6.1,,
456,DeTodito,Food,6.1,,
456,Aguila,Alcoholic Drinks,6.1,,
456,Radioacktiva,Media & Publishing,6.1,,
456,Association for the Defense of Animals and the Environment-ADA,"Non-profit, public sector & education",6.1,,
456,EPS Sura,Financial Services,6.1,,
456,Carabineros de Chile,"Non-profit, public sector & education",6.1,,
456,JetSmart,Transport & Tourism,6.1,,
456,Coaniquem,"Non-profit, public sector & education",6.1,,
456,ACHS,"Non-profit, public sector & education",6.1,,
456,Codelpa,Business & Industrial,6.1,,
456,United Overseas Bank,Financial Services,6.1,,
456,Slovak Telekom,Telecoms & Utilities,6.1,,
456,Popradská,Soft Drinks,6.1,,
456,Carlsberg,Alcoholic Drinks,6.1,,
456,Janet 45,Media & Publishing,6.1,,
456,Germanos,Retail,6.1,,
456,Kotsovolos,Retail,6.1,,
456,winbank mobile,Financial Services,6.1,,
456,Dodini,Food,6.1,,
456,Green Cola,Soft Drinks,6.1,,
456,Lacta,Food,6.1,,
456,Telenor,Telecoms & Utilities,6.1,,
456,Országos Mentőszolgálat Alapítvány,"Non-profit, public sector & education",6.1,,
499,AA Insurance,Financial Services,6.0,,
499,Speight's,Alcoholic Drinks,6.0,,
499,The Sober Self Bot,"Non-profit, public sector & education",6.0,,
499,Vogel's,Food,6.0,,
499,Salvation Army,"Non-profit, public sector & education",6.0,,
499,Plan International,"Non-profit, public sector & education",6.0,,
499,Metsä Group,Business & Industrial,6.0,,
499,Cereales Life,Food,6.0,,
499,Panetón D'Onofrio,Food,6.0,,
499,Divine Extract,Toiletries & Cosmetics,6.0,,
499,DirecTV,Media & Publishing,6.0,,
499,Aqua Carpatica,Soft Drinks,6.0,,
499,Oral B,Toiletries & Cosmetics,6.0,,
499,Milco,Soft Drinks,6.0,,
499,Cellcom,Telecoms & Utilities,6.0,,
499,yes,Media & Publishing,6.0,,
499,Tnuva,Food,6.0,,
499,Partner TV,Telecoms & Utilities,6.0,,
499,Castro,Retail,6.0,,
499,Casero,Food,6.0,,
499,Netlife,Telecoms & Utilities,6.0,,
499,Los Paleteros,Food,6.0,,
499,Carl's Jr.,Retail,6.0,,
499,Pipi,Soft Drinks,6.0,,
499,Brufen Effect,Pharma & Healthcare,6.0,,
499,Tienda Inglesa,Retail,6.0,,
525,Deutsche Telekom,Telecoms & Utilities,5.8,,
526,Association of Mutual Funds in India,Financial Services,5.4,,
527,Bank of Queensland,Financial Services,5.3,,
527,Football Federation Australia,Leisure & Entertainment,5.3,,
527,Neutrogena Hydro Boost,Toiletries & Cosmetics,5.3,,
527,3M,Retail,5.3,,
527,Molto,Household & Domestic,5.3,,
527,Mirinda,Soft Drinks,5.3,,
527,Road Safety Commission,"Non-profit, public sector & education",5.3,,
534,Excella Gold,Food,5.2,,
534,PepsiCo,Soft Drinks,5.2,,
534,Knorr,Food,5.2,,
534,Grupo Ramos,Toiletries & Cosmetics,5.2,,
534,CNT EP,Telecoms & Utilities,5.2,,
534,Godrej,Business & Industrial,5.2,,
534,BRF Foods,Food,5.2,,
534,Olympikus,Clothing & Accessories,5.2,,
542,Amazon Kindle,Media & Publishing,4.9,,
542,Gatorade,Soft Drinks,4.9,,
544,Chicken Licken,Retail,4.6,,
544,Ol Pejeta Conservancy,"Non-profit, public sector & education",4.6,,
544,Beano,Media & Publishing,4.6,,
544,Ghadi Detergent,Household & Domestic,4.6,,
544,Aashirvaad,Food,4.6,,
544,MakeMyTrip,Transport & Tourism,4.6,,
544,Nestaway.com,Business & Industrial,4.6,,
544,Bournvita,Soft Drinks,4.6,,
544,Project Nanhi Kali,"Non-profit, public sector & education",4.6,,
544,Big Bazaar,Retail,4.6,,
544,Sonata ACT,Clothing & Accessories,4.6,,
544,Hamam,Toiletries & Cosmetics,4.6,,
544,Lipton,Soft Drinks,4.6,,
544,Bingo! Potato Chips,Food,4.6,,
544,Brooke Bond Red Label,Soft Drinks,4.6,,
544,The Akanksha Foundation,"Non-profit, public sector & education",4.6,,
544,Bharat Banking,Financial Services,4.6,,
544,Stayfree,Toiletries & Cosmetics,4.6,,
562,Sparkasse,Financial Services,4.5,,
562,MometaHEXAL,Pharma & Healthcare,4.5,,
562,Netto Marken-Discount,Retail,4.5,,
562,Runter vom Gas,"Non-profit, public sector & education",4.5,,
562,Zuse Hüller Hille,Business & Industrial,4.5,,
562,Mercedes-Benz Compact Cars,Automotive,4.5,,
562,Glück,Food,4.5,,
562,Umckaloabo,Pharma & Healthcare,4.5,,
562,REWE,Retail,4.5,,
562,1. FC Köln,Leisure & Entertainment,4.5,,
562,Bundeswehr,"Non-profit, public sector & education",4.5,,
562,MAN TGE,Automotive,4.5,,
562,Buderus,Business & Industrial,4.5,,
562,MegaFon,Telecoms & Utilities,4.5,,
562,Zhigulevskoye 1978,Alcoholic Drinks,4.5,,
562,TNT-Network,Media & Publishing,4.5,,
562,Yum!,Retail,4.5,,
562,Google,Technology & Electronics,4.5,,
562,Holy Source,Soft Drinks,4.5,,
562,PIK Group,Business & Industrial,4.5,,
562,Viardo Forte,Pharma & Healthcare,4.5,,
583,Jequiti,Toiletries & Cosmetics,4.4,,
583,Johnnie Walker,Alcoholic Drinks,4.4,,
583,Gol Transportes Aéreos,Transport & Tourism,4.4,,
583,ARCAH,"Non-profit, public sector & education",4.4,,
583,XP Investimentos,Financial Services,4.4,,
583,Heinz Tomato Ketchup,Food,4.4,,
583,Nescau,Food,4.4,,
583,Sephora,Toiletries & Cosmetics,4.4,,
583,Palm Hills Development,Business & Industrial,4.4,,
583,Rexona,Toiletries & Cosmetics,4.4,,
583,AlTayyar,Transport & Tourism,4.4,,
583,Central Trade & Auto Co.,Automotive,4.4,,
583,Jotun Paints,Household & Domestic,4.4,,
583,Philadelphia,Food,4.4,,
583,Nutella,Food,4.4,,
583,Juhayna,Soft Drinks,4.4,,
583,Signal,Toiletries & Cosmetics,4.4,,
583,Embrace,"Non-profit, public sector & education",4.4,,
583,Panadol,Pharma & Healthcare,4.4,,
583,International Federation of Red Cross and Red Crescent Societies (IFRC),"Non-profit, public sector & education",4.4,,
583,THE One,Retail,4.4,,
583,AlexBank,Financial Services,4.4,,
583,Jawwy,Telecoms & Utilities,4.4,,
583,SBC,Media & Publishing,4.4,,
583,Nana,Toiletries & Cosmetics,4.4,,
583,The Lebanese Women Democratic Gathering - RDFL,"Non-profit, public sector & education",4.4,,
609,Canal+,Media & Publishing,4.3,,
609,l'Assurance Maladie,Financial Services,4.3,,
609,Oasis,Soft Drinks,4.3,,
609,ING Direct,Financial Services,4.3,,
609,JUST EAT,Retail,4.3,,
609,CARE,"Non-profit, public sector & education",4.3,,
609,Marie,Food,4.3,,
609,UnitedHealth Group,Pharma & Healthcare,4.3,,
609,Emergen-C,Pharma & Healthcare,4.3,,
609,Naughty Bags,"Non-profit, public sector & education",4.3,,
609,ESPN,Media & Publishing,4.3,,
609,Korean Air,Transport & Tourism,4.3,,
609,Woowa Brothers,Technology & Electronics,4.3,,
609,New Balance,Clothing & Accessories,4.3,,
623,Myer,Retail,4.2,,
623,P&O,Transport & Tourism,4.2,,
623,Larousse,Media & Publishing,4.2,,
623,American Eagle,Retail,4.2,,
623,Corona Extra,Alcoholic Drinks,4.2,,
623,Principe Marinela,Food,4.2,,
623,Herdez,Food,4.2,,
623,Bodega Aurrerá,Retail,4.2,,
623,Citibanamex,Financial Services,4.2,,
623,Papas Sabritas,Food,4.2,,
623,J. García López Casa Funerarias,Business & Industrial,4.2,,
623,Trident,Food,4.2,,
623,Bud Light,Alcoholic Drinks,4.2,,
623,Toyota Hilux,Automotive,4.2,,
623,Gancia,Alcoholic Drinks,4.2,,
623,Honda,Automotive,4.2,,
623,Chocolinas,Food,4.2,,
623,BC La Campagnola,Soft Drinks,4.2,,
623,Turner,Media & Publishing,4.2,,
623,Atma,Retail,4.2,,
623,Quilmes Clasica,Alcoholic Drinks,4.2,,
623,Casancrem,Food,4.2,,
623,Peugeot,Automotive,4.2,,
623,Banco Galicia,Financial Services,4.2,,
647,Freedom,Retail,4.1,,
647,OPEL Insignia,Automotive,4.1,,
647,Žatecký Světlý Ležák,Alcoholic Drinks,4.1,,
647,Żywiec,Alcoholic Drinks,4.1,,
647,LOT Polish Airlines,Transport & Tourism,4.1,,
647,Zdrapki Lotto,Leisure & Entertainment,4.1,,
647,Toyota Hybrid,Automotive,4.1,,
647,Rainbow,Transport & Tourism,4.1,,
647,Nju Mobile,Telecoms & Utilities,4.1,,
647,Nationale-Nederlanden,Financial Services,4.1,,
647,Dziki Sad,Alcoholic Drinks,4.1,,
647,Biotebal,Pharma & Healthcare,4.1,,
647,Winiary,Food,4.1,,
647,Fundacja Kosmos dla Dziewczynek,"Non-profit, public sector & education",4.1,,
647,Carrefour,Retail,4.1,,
647,Head & Shoulders,Toiletries & Cosmetics,4.1,,
647,Winiary Pomysł na,Food,4.1,,
647,Biedronka,Retail,4.1,,
647,Rutinoscorbin,Pharma & Healthcare,4.1,,
647,Artema,Household & Domestic,4.1,,
647,Şekerbank T.A.Ş,Financial Services,4.1,,
647,Pegasus Hava Yolları,Transport & Tourism,4.1,,
647,Opet Petrolcülük,Business & Industrial,4.1,,
647,Enpara.com,Financial Services,4.1,,
647,Bingo,Household & Domestic,4.1,,
647,Tavuk Dünyası,Retail,4.1,,
647,Prima,Toiletries & Cosmetics,4.1,,
647,Ülker Teremyağ,Food,4.1,,
647,Shell & Turcas Petrol,Business & Industrial,4.1,,
647,Uludağ Meyvelim,Soft Drinks,4.1,,
647,Molfix,Toiletries & Cosmetics,4.1,,
647,Nissan Qashqai,Automotive,4.1,,
647,Yataş,Household & Domestic,4.1,,
647,Digitürk,Media & Publishing,4.1,,
647,ABN AMRO,Financial Services,4.1,,
647,Porsche,Automotive,4.1,,
647,GGZ Nederland,"Non-profit, public sector & education",4.1,,
647,Anchor Beer,Alcoholic Drinks,4.1,,
647,Digi Telecommunications,Telecoms & Utilities,4.1,,
647,Napoli Dragee Keksi,Food,4.1,,
647,Uniqa Insurance Group,Financial Services,4.1,,
647,BMW,Automotive,4.1,,
647,Hops,Soft Drinks,4.1,,
647,CS Caritas Socialis,"Non-profit, public sector & education",4.1,,
647,Tournée Minérale,"Non-profit, public sector & education",4.1,,
647,KBC,Financial Services,4.1,,
647,Telenet,Telecoms & Utilities,4.1,,
647,Luzerner,Food,4.1,,
647,Frisco,Alcoholic Drinks,4.1,,
647,Sazka,Leisure & Entertainment,4.1,,
647,Nutrend,Food,4.1,,
647,Škoda Plus,Automotive,4.1,,
699,FUIB Bank,Financial Services,4.0,,
699,Oschadbank,Financial Services,4.0,,
699,Morshinska,Soft Drinks,4.0,,
699,The Lviv Publishers’ Forum,"Non-profit, public sector & education",4.0,,
699,Parimatch,Leisure & Entertainment,4.0,,
699,Syoss,Toiletries & Cosmetics,4.0,,
699,Oh mai Gat!,Household & Domestic,4.0,,
699,Bretaña,Soft Drinks,4.0,,
699,Frito-Lay,Food,4.0,,
699,Toddy,Soft Drinks,4.0,,
699,Carrera Verde Colombia,"Non-profit, public sector & education",4.0,,
699,Almacenes Éxito,Retail,4.0,,
699,National Planning Department,"Non-profit, public sector & education",4.0,,
699,Wingo,Transport & Tourism,4.0,,
699,Cristalina,Soft Drinks,4.0,,
699,Jet Chocolate,Food,4.0,,
699,Clínica Vespucio,Pharma & Healthcare,4.0,,
699,Banco de Chile,Financial Services,4.0,,
699,Banco Bci,Financial Services,4.0,,
699,Cerveza Becker,Alcoholic Drinks,4.0,,
699,Apumanque,Retail,4.0,,
699,FOX Sports,Media & Publishing,4.0,,
699,DUOC UC,"Non-profit, public sector & education",4.0,,
699,Vivo Mejor,Food,4.0,,
699,Central Narcotics Bureau,"Non-profit, public sector & education",4.0,,
699,Holiday Inn,Transport & Tourism,4.0,,
699,Zlatý Bažant,Alcoholic Drinks,4.0,,
699,RiceUP!,Food,4.0,,
699,Tuborg,Alcoholic Drinks,4.0,,
699,PostBank,Financial Services,4.0,,
699,A1,Telecoms & Utilities,4.0,,
699,Kaufland,Retail,4.0,,
699,Philicon 97 AD,Food,4.0,,
699,WWF,"Non-profit, public sector & education",4.0,,
699,SimpleFi,Telecoms & Utilities,4.0,,
699,Papastratos,Tobacco,4.0,,
699,AXE YOU,Toiletries & Cosmetics,4.0,,
699,"Coca-Cola No Calories, and with Sweetener from Plant Stevia",Soft Drinks,4.0,,
699,yellow Rewards Program,Financial Services,4.0,,
699,Zeymia Epiros,Food,4.0,,
699,UPC,Telecoms & Utilities,4.0,,
699,OTP Bank,Financial Services,4.0,,
699,Magyar Telekom,Telecoms & Utilities,4.0,,
699,Soproni,Alcoholic Drinks,4.0,,
699,Voltaren Emulgel,Pharma & Healthcare,4.0,,
699,Air New Zealand,Transport & Tourism,4.0,,
699,ANZ Bank,Financial Services,4.0,,
699,Health Promotion Agency,"Non-profit, public sector & education",4.0,,
699,Meadow Fresh Greek Centres,Food,4.0,,
699,Lumo,Toiletries & Cosmetics,4.0,,
699,Bolivar,Household & Domestic,4.0,,
699,Promart Homecenter,Retail,4.0,,
699,Nova,Household & Domestic,4.0,,
699,Tinka,Leisure & Entertainment,4.0,,
699,Sal Marina Emsal,Food,4.0,,
699,BCP,Financial Services,4.0,,
699,Bitel,Telecoms & Utilities,4.0,,
699,Scotiabank,Financial Services,4.0,,
699,Calidda Gas Natural,Business & Industrial,4.0,,
699,Oscar Mayer,Food,4.0,,
699,MailChimp,Technology & Electronics,4.0,,
699,Robitussin,Pharma & Healthcare,4.0,,
699,Charles Schwab,Financial Services,4.0,,
699,Nicoderm CQ,Pharma & Healthcare,4.0,,
699,Equality NC,"Non-profit, public sector & education",4.0,,
699,Halo Wars 2,Leisure & Entertainment,4.0,,
699,Bayer Aspirin,Pharma & Healthcare,4.0,,
699,Tide,Household & Domestic,4.0,,
699,Lonely Whale Foundation,"Non-profit, public sector & education",4.0,,
699,GE,Business & Industrial,4.0,,
699,Big Brothers Big Sisters of Tampa Bay,"Non-profit, public sector & education",4.0,,
699,Ancestry,Media & Publishing,4.0,,
699,Modelo,Alcoholic Drinks,4.0,,
699,Dove Chocolate,Food,4.0,,
699,LIFEWTR,Soft Drinks,4.0,,
699,U.S. Air Force,"Non-profit, public sector & education",4.0,,
699,Archer+Wolf LLC,Household & Domestic,4.0,,
699,CarMax,Retail,4.0,,
699,Enel,Telecoms & Utilities,4.0,,
699,Savana,Household & Domestic,4.0,,
699,Banca Transilvania,Financial Services,4.0,,
699,Tambour,Household & Domestic,4.0,,
699,PEPPER,Financial Services,4.0,,
699,The Teperberg Winery,Alcoholic Drinks,4.0,,
699,Leumi Card,Financial Services,4.0,,
699,Strauss Water,Soft Drinks,4.0,,
699,Gillette,Toiletries & Cosmetics,4.0,,
699,Shufersal,Retail,4.0,,
699,Multicines,Leisure & Entertainment,4.0,,
699,Tropical,Soft Drinks,4.0,,
699,Polar,Toiletries & Cosmetics,4.0,,
699,La Lechera,Soft Drinks,4.0,,
699,Amor,Food,4.0,,
699,Manicho,Food,4.0,,
699,Pilsen,Alcoholic Drinks,4.0,,
699,Karlovačko,Alcoholic Drinks,4.0,,
699,Centennial Chorizos,Food,4.0,,
699,Gonzalez Conde,Business & Industrial,4.0,,
699,ANDA,"Non-profit, public sector & education",4.0,,
699,Pérez Scremini,"Non-profit, public sector & education",4.0,,
699,El Chana,Soft Drinks,4.0,,
699,Ministry of Tourism,Transport & Tourism,4.0,,
699,Viva,Food,4.0,,
699,IPUSA,Business & Industrial,4.0,,
699,Banco de la República Oriental del Uruguay,Financial Services,4.0,,
699,Patricia Beer,Alcoholic Drinks,4.0,,
805,Biti's Hunter,Retail,3.9,,
805,Ensure,Food,3.9,,
805,Bench,Toiletries & Cosmetics,3.9,,
808,Sebastian Professional,Toiletries & Cosmetics,3.8,,
808,Promotur Turismo de Canarias,Transport & Tourism,3.8,,
808,Bolia.com,Retail,3.8,,
811,Thai Health Promotion Foundation,"Non-profit, public sector & education",3.6,,
811,adidas,Clothing & Accessories,3.6,,
811,Royal Caribbean International,Transport & Tourism,3.6,,
811,i-can,Pharma & Healthcare,3.6,,
811,BTSport,Media & Publishing,3.6,,
811,BBC Asian Network,Media & Publishing,3.6,,
811,Gas-X,Pharma & Healthcare,3.6,,
818,Das Handwerk,Retail,3.1,,
818,Hornbach,Retail,3.1,,
818,Sony Music Entertainment,Leisure & Entertainment,3.1,,
818,BIPA,Toiletries & Cosmetics,3.1,,
818,Heyne Hardcore,Media & Publishing,3.1,,
818,Abdul Latif Jameel Motors,Automotive,3.1,,
824,Peruvian Cancer Foundation,"Non-profit, public sector & education",2.6,,
824,General Motors,Automotive,2.6,,
824,Cencosud,Financial Services,2.6,,
824,Meals de Colombia,Food,2.6,,
824,Pepsi Twist,Soft Drinks,2.6,,
824,Gol,Transport & Tourism,2.6,,
824,Powerade,Soft Drinks,2.6,,
824,Colombian League Against Cancer,"Non-profit, public sector & education",2.6,,
824,Hermes Pardini,Pharma & Healthcare,2.6,,
824,Sodimac Homecenter,Retail,2.6,,
834,Sanlam,Financial Services,2.3,,
834,Glasgow School of Art,"Non-profit, public sector & education",2.3,,
834,Sainsbury's,Retail,2.3,,
834,Droom Technology,Automotive,2.3,,
834,J&K Tourism,Transport & Tourism,2.3,,
834,Nicotex,Pharma & Healthcare,2.3,,
834,Saffola,Food,2.3,,
834,Odomos,Pharma & Healthcare,2.3,,
834,Livon Serum,Toiletries & Cosmetics,2.3,,
834,HealthifyMe,Pharma & Healthcare,2.3,,
834,Tally Solutions,Technology & Electronics,2.3,,
834,Madhya Pradesh State Tourism Development Corporation,Transport & Tourism,2.3,,
834,Tata Xenon Yodha,Automotive,2.3,,
834,TaMo Racemo,Automotive,2.3,,
834,Max Life Insurance,Financial Services,2.3,,
834,Royale Play,Household & Domestic,2.3,,
834,A. O. Smith,Soft Drinks,2.3,,
834,Bundesagentur für Arbeit,"Non-profit, public sector & education",2.3,,
834,Siemens Healthineers,Business & Industrial,2.3,,
834,hohes C,Soft Drinks,2.3,,
834,Kerrygold,Food,2.3,,
834,AIDS-Hilfe Frankfurt,"Non-profit, public sector & education",2.3,,
856,TITANOF,Business & Industrial,2.2,,
856,O'Stin,Retail,2.2,,
856,Children and Youth Rehabilitation Center for Visual Arts FotoCh,"Non-profit, public sector & education",2.2,,
856,Beeline,Telecoms & Utilities,2.2,,
856,ABI Product,Food,2.2,,
856,Roche Diabetes Care,Pharma & Healthcare,2.2,,
856,Foxford Online School,"Non-profit, public sector & education",2.2,,
856,National Legal Service,Business & Industrial,2.2,,
856,Fruto Nyanya,Food,2.2,,
856,Bon Paris,Food,2.2,,
856,Petrovich,Retail,2.2,,
856,SMPOLIS.RU,Financial Services,2.2,,
856,Miracle Children,Food,2.2,,
856,G-Energy,Business & Industrial,2.2,,
856,Mitsubishi Outlander,Automotive,2.2,,
856,Uber Technology,Transport & Tourism,2.2,,
856,TNT4 TV Channel,Media & Publishing,2.2,,
856,Banco Bradesco,Financial Services,2.2,,
856,Petrobras Distribuidora SA,Business & Industrial,2.2,,
856,Eurofarma,Pharma & Healthcare,2.2,,
856,Chamyto,Food,2.2,,
856,Breakfast & Co,Retail,2.2,,
856,L'Oréal,Toiletries & Cosmetics,2.2,,
856,Olay,Toiletries & Cosmetics,2.2,,
856,Saudi Ministry of Health,"Non-profit, public sector & education",2.2,,
856,Majid Al Futtaim,Retail,2.2,,
856,Comfort,Household & Domestic,2.2,,
856,Zeiss,Technology & Electronics,2.2,,
856,Bledina Mini Lactes,Food,2.2,,
856,GoodPlanet Foundation,"Non-profit, public sector & education",2.2,,
856,Cache Cache,Clothing & Accessories,2.2,,
856,Laforet,Business & Industrial,2.2,,
856,Get 27,Alcoholic Drinks,2.2,,
889,Covered California,Financial Services,2.1,,
889,Illinois Council Against Handgun Violence,"Non-profit, public sector & education",2.1,,
889,MetLife,Financial Services,2.1,,
889,The Korean Council for the Women Drafted for Military Sexual Slavery by Japan,"Non-profit, public sector & education",2.1,,
889,AHC,Toiletries & Cosmetics,2.1,,
889,Dailies Total 1,Pharma & Healthcare,2.1,,
889,Emart Molly's Pet Shop,Retail,2.1,,
889,Hyundai Motor Company,Automotive,2.1,,
889,Visit Victoria,Transport & Tourism,2.1,,
889,Ipswich City Council,"Non-profit, public sector & education",2.1,,
889,Leggo's,Food,2.1,,
889,Heinz Baked Beans,Food,2.1,,
889,Infonavit,Financial Services,2.1,,
889,Mantecadas,Food,2.1,,
889,Fideicomiso Fuerza Mexico,"Non-profit, public sector & education",2.1,,
889,Nivea,Toiletries & Cosmetics,2.1,,
889,FUD,Food,2.1,,
889,Takis,Food,2.1,,
889,Fundacion Lala,"Non-profit, public sector & education",2.1,,
889,Alpura Evaporated Milk,Soft Drinks,2.1,,
889,Nido,Soft Drinks,2.1,,
889,Fundación Walmart de México,"Non-profit, public sector & education",2.1,,
889,Frávega,Retail,2.1,,
889,Danone Early Life Nutrition,Food,2.1,,
889,PagoMisCuentas,Financial Services,2.1,,
889,Banco Hipotecario,Financial Services,2.1,,
889,Fox Sports Premium and TNT Sports,Media & Publishing,2.1,,
889,Fuyi,Household & Domestic,2.1,,
889,Naranja,Financial Services,2.1,,
889,Fundación Vida Silvestre Argentina,"Non-profit, public sector & education",2.1,,
889,Personal,Telecoms & Utilities,2.1,,
889,Fibertel,Telecoms & Utilities,2.1,,
889,Jeep,Automotive,2.1,,
889,Medcare Women & Children Hospital,Pharma & Healthcare,2.1,,
889,Sadia,Food,2.1,,
889,Bou Khalil Supermarket,Retail,2.1,,
889,AXA,Financial Services,2.1,,
889,Maybelline Colossal,Toiletries & Cosmetics,2.1,,
889,Maggi,Food,2.1,,
889,Philips Lighting,Household & Domestic,2.1,,
889,Coca-Cola Lime,Soft Drinks,2.1,,
889,Fundacja Aviva,"Non-profit, public sector & education",2.1,,
889,Philips HTS,Household & Domestic,2.1,,
889,Moje ING,Financial Services,2.1,,
889,Biovital Complex,Pharma & Healthcare,2.1,,
889,The Dark,Alcoholic Drinks,2.1,,
889,Eobuwie.pl,Retail,2.1,,
889,Huawei MATE 10,Technology & Electronics,2.1,,
889,Porçöz,Household & Domestic,2.1,,
889,Koton,Clothing & Accessories,2.1,,
889,Axess Mobil,Financial Services,2.1,,
889,Tambu,Media & Publishing,2.1,,
889,Filiz Makarna,Food,2.1,,
889,Yolcu 360,Retail,2.1,,
889,Eti Browni İntense,Food,2.1,,
889,Uludağ Premium Cilt Bakım Sprey,Toiletries & Cosmetics,2.1,,
889,Cornetto,Food,2.1,,
889,LÖSEV,"Non-profit, public sector & education",2.1,,
889,Elidor Doğanın Enerjisi,Toiletries & Cosmetics,2.1,,
889,Algida Boom Boom,Food,2.1,,
889,Arçelik,Household & Domestic,2.1,,
889,DenizBank,Financial Services,2.1,,
889,Zingat,Retail,2.1,,
889,Uludağ Frutti Extra,Soft Drinks,2.1,,
889,Tohum Otizm Vakfı,"Non-profit, public sector & education",2.1,,
889,Sütaş,Food,2.1,,
889,Maximum Kart,Financial Services,2.1,,
889,Şok Marketler,Retail,2.1,,
889,Anderzorg,Financial Services,2.1,,
889,SIRE,Business & Industrial,2.1,,
889,OHRA,Financial Services,2.1,,
889,ASN Bank,Financial Services,2.1,,
889,Zorg en Zekerheid,Financial Services,2.1,,
889,Prudential BSN Takaful Berhad,Financial Services,2.1,,
889,Teach For Malaysia,"Non-profit, public sector & education",2.1,,
964,karriere.at,Business & Industrial,2.0,,
964,Österreichische Lotterien,Leisure & Entertainment,2.0,,
964,Tagtraum,Food,2.0,,
964,ASFINAG,"Non-profit, public sector & education",2.0,,
964,ÖBB,Transport & Tourism,2.0,,
964,Cornet,Alcoholic Drinks,2.0,,
964,Mobile Vikings,Telecoms & Utilities,2.0,,
964,bpost banque,Financial Services,2.0,,
964,Continental Foods,Food,2.0,,
964,Proximus,Telecoms & Utilities,2.0,,
964,Physiomer,Pharma & Healthcare,2.0,,
964,GrandVision Benelux,Pharma & Healthcare,2.0,,
964,Spadel,Soft Drinks,2.0,,
964,Viva Kids/Digipigi,Financial Services,2.0,,
964,Swiss Life,Financial Services,2.0,,
964,Melectronics,Retail,2.0,,
964,Novotel,Transport & Tourism,2.0,,
964,Helsana,Financial Services,2.0,,
964,Energy Milk,Soft Drinks,2.0,,
964,Fooby,Retail,2.0,,
964,Migusto,Retail,2.0,,
964,E.ON Energy Globe,Telecoms & Utilities,2.0,,
964,Prezident 21,"Non-profit, public sector & education",2.0,,
964,Raffaello,Food,2.0,,
964,Raiffeisen stavební sporitelna,Financial Services,2.0,,
964,Innogy,Telecoms & Utilities,2.0,,
964,Mazagrande,Soft Drinks,2.0,,
964,ČEZ,Business & Industrial,2.0,,
964,Globus,Retail,2.0,,
964,Shell V-Power,Business & Industrial,2.0,,
964,Philips Lumea,Toiletries & Cosmetics,2.0,,
964,Global Teacher Prize,"Non-profit, public sector & education",2.0,,
964,Lion,Food,2.0,,
964,Pit Bull Battle V,Leisure & Entertainment,2.0,,
964,Hansa,Retail,2.0,,
964,Rebra & Kotlety,Retail,2.0,,
964,Camry,Automotive,2.0,,
964,Morshinska Sport,Soft Drinks,2.0,,
964,Moneyveo,Financial Services,2.0,,
964,Nasha Ryaba,Food,2.0,,
964,KOMO,Food,2.0,,
964,Агуша,Food,2.0,,
964,Ratishka,Food,2.0,,
964,Torchyn,Food,2.0,,
964,Postobón,Soft Drinks,2.0,,
964,Chocoramo,Food,2.0,,
964,JOY,Business & Industrial,2.0,,
964,Cocosette,Food,2.0,,
964,Tanqueray,Alcoholic Drinks,2.0,,
964,Protection,Financial Services,2.0,,
964,Norton Saint - Gobain,Business & Industrial,2.0,,
964,PAYUBIZ,Financial Services,2.0,,
964,Oster,Technology & Electronics,2.0,,
964,Nosotras,Toiletries & Cosmetics,2.0,,
964,Open English Junior,"Non-profit, public sector & education",2.0,,
964,Mutual de Seguridad,"Non-profit, public sector & education",2.0,,
964,Falabella,Retail,2.0,,
964,Viva Leer Program,"Non-profit, public sector & education",2.0,,
964,Abastible,Business & Industrial,2.0,,
964,Remates Macal,Retail,2.0,,
964,Unimarc,Retail,2.0,,
964,Red,Media & Publishing,2.0,,
964,Health Promotion Board,"Non-profit, public sector & education",2.0,,
964,Tokio Marine,Financial Services,2.0,,
964,Wonda Coffee,Soft Drinks,2.0,,
964,Petit Press,Media & Publishing,2.0,,
964,Rozprávkari,Leisure & Entertainment,2.0,,
964,WebSupport,Technology & Electronics,2.0,,
964,Poštová banka,Financial Services,2.0,,
964,MAGNA,"Non-profit, public sector & education",2.0,,
964,Slovenská sporiteľňa,Financial Services,2.0,,
964,Zagorka AD,Alcoholic Drinks,2.0,,
964,i-bank Pay 4 Business,Financial Services,2.0,,
964,NaturAqua,Soft Drinks,2.0,,
964,SOS-Gyermekfalu Magyarországi Alapítványa,"Non-profit, public sector & education",2.0,,
964,F&F,Retail,2.0,,
964,Fonterra,Food,2.0,,
964,Tower Insurance,Financial Services,2.0,,
964,Bank of New Zealand,Financial Services,2.0,,
964,Fira Kettera,Business & Industrial,2.0,,
964,Actibio de Gloria,Food,2.0,,
964,Maestro,Retail,2.0,,
964,Peziduri,Food,2.0,,
964,ISIL,"Non-profit, public sector & education",2.0,,
964,Sublime Sonrisa,Food,2.0,,
964,Tottus,Retail,2.0,,
964,Lavaggi Noodles,Food,2.0,,
964,Paisana,Food,2.0,,
964,Blancaflor,Food,2.0,,
964,Supermercado,Retail,2.0,,
964,Animaterra,Retail,2.0,,
964,Unisol,Food,2.0,,
964,Storia.ro,Business & Industrial,2.0,,
964,Grolsch,Alcoholic Drinks,2.0,,
964,Noroc,Alcoholic Drinks,2.0,,
964,Auchan,Retail,2.0,,
964,Patria Bank,Financial Services,2.0,,
964,Sobhy Nachly & Sons Ltd.,Retail,2.0,,
964,Universal Motors Israel Ltd,Automotive,2.0,,
964,Bank Hapoalim,Financial Services,2.0,,
964,Dor Alon,Business & Industrial,2.0,,
964,Champion Motors,Automotive,2.0,,
964,Keshet Media Group,Media & Publishing,2.0,,
964,El Al Matid,Transport & Tourism,2.0,,
964,Diners Club del Ecuador,Financial Services,2.0,,
964,Otecel S.A. (Movistar Ecuador),Telecoms & Utilities,2.0,,
964,220V,Soft Drinks,2.0,,
964,G Active,Soft Drinks,2.0,,
964,Noticias Repretel,Media & Publishing,2.0,,
964,Benemérito Fire Department of Costa Rica,"Non-profit, public sector & education",2.0,,
964,Iskon Internet,Telecoms & Utilities,2.0,,
964,Croatia osiguranje,Financial Services,2.0,,
964,Stari lisac,Alcoholic Drinks,2.0,,
964,Bacardi,Alcoholic Drinks,2.0,,
964,CAT,Retail,2.0,,
964,Persil,Household & Domestic,2.0,,
964,Jugo Plus,Soft Drinks,2.0,,
964,Montevideo Shopping,Retail,2.0,,
964,Banco Hipotecario del Uruguay,Financial Services,2.0,,
964,UN Women,"Non-profit, public sector & education",2.0,,
964,Campaña Palcos Gran Parque Central,Leisure & Entertainment,2.0,,
,,,,,
© WARC 2021. Please refer to https://warc.com/rankings/effective-100/methodology for further information,,,,,
,,,,,
,,,,,
,,,,,
,,,,,
,,,,,
,,,,,
,,,,,
,,,,,
,,,,,
,,,,,
,,,,,
,,,,,
,,,,,
,,,,,
,,,,,
,,,,,
,,,,,
,,,,,
,,,,,
,,,,,
,,,,,
,,,,,
,,,,,
,,,,,
,,,,,
,,,,,
,,,,,
,,,,,
,,,,,
,,,,,
,,,,,
,,,,,
,,,,,
,,,,,
,,,,,
,,,,,
,,,,,
,,,,,
,,,,,
,,,,,
,,,,,
,,,,,
,,,,,
,,,,,
,,,,,
,,,,,
,,,,,
,,,,,
,,,,,
,,,,,
,,,,,
,,,,,
,,,,,
,,,,,
,,,,,
,,,,,
,,,,,
,,,,,
,,,,,
,,,,,
,,,,,
,,,,,
,,,,,
,,,,,
,,,,,
,,,,,
,,,,,
,,,,,
,,,,,
,,,,,
,,,,,
,,,,,
,,,,,
,,,,,
,,,,,
,,,,,
,,,,,
,,,,,
,,,,,
,,,,,
,,,,,
,,,,,
,,,,,
,,,,,
,,,,,
,,,,,
,,,,,
,,,,,
,,,,,
,,,,,
,,,,,
,,,,,
,,,,,
,,,,,
,,,,,
,,,,,
,,,,,
,,,,,
,,,,,
,,,,,
,,,,,
,,,,,
,,,,,
,,,,,
,,,,,
,,,,,
,,,,,
,,,,,
,,,,,
,,,,,
,,,,,
,,,,,
,,,,,
,,,,,
,,,,,
,,,,,
,,,,,
,,,,,
,,,,,
,,,,,
,,,,,
,,,,,
,,,,,
,,,,,
,,,,,
,,,,,
,,,,,
,,,,,
,,,,,
,,,,,
,,,,,
,,,,,
,,,,,
,,,,,
,,,,,
,,,,,
,,,,,
,,,,,
,,,,,
,,,,,
,,,,,
,,,,,
,,,,,
,,,,,
,,,,,
,,,,,
,,,,,
,,,,,
,,,,,
,,,,,
,,,,,
,,,,,
,,,,,
,,,,,
,,,,,
,,,,,
,,,,,
,,,,,
,,,,,
,,,,,
,,,,,
,,,,,
,,,,,
,,,,,
,,,,,
,,,,,
,,,,,
,,,,,
,,,,,
,,,,,
,,,,,
,,,,,
,,,,,
,,,,,
,,,,,
,,,,,
,,,,,
,,,,,
,,,,,
,,,,,
,,,,,
,,,,,
,,,,,
,,,,,
,,,,,
,,,,,
,,,,,
,,,,,
,,,,,
,,,,,
,,,,,
,,,,,
,,,,,
,,,,,
,,,,,
,,,,,
,,,,,
,,,,,
,,,,,
,,,,,
,,,,,
,,,,,
,,,,,
,,,,,
,,,,,
,,,,,
,,,,,
,,,,,
,,,,,
,,,,,
,,,,,
,,,,,
,,,,,
,,,,,
,,,,,
,,,,,
,,,,,
,,,,,
,,,,,
,,,,,
,,,,,
,,,,,
,,,,,
,,,,,
,,,,,
,,,,,
,,,,,
,,,,,
,,,,,
,,,,,
,,,,,
,,,,,
,,,,,
,,,,,
,,,,,
,,,,,
,,,,,
,,,,,
,,,,,
,,,,,
,,,,,
,,,,,
,,,,,
,,,,,
,,,,,
,,,,,
,,,,,
,,,,,
,,,,,
,,,,,
,,,,,
,,,,,
,,,,,
,,,,,
,,,,,
,,,,,
,,,,,
,,,,,
,,,,,
,,,,,
,,,,,
,,,,,
,,,,,
,,,,,
,,,,,
,,,,,
,,,,,
,,,,,
,,,,,
,,,,,
,,,,,
,,,,,
,,,,,
,,,,,
,,,,,
,,,,,
,,,,,
,,,,,
,,,,,
,,,,,
,,,,,
,,,,,
,,,,,
,,,,,
,,,,,
,,,,,
,,,,,
,,,,,
,,,,,
,,,,,
,,,,,
,,,,,
,,,,,
,,,,,
,,,,,
,,,,,
,,,,,
,,,,,
,,,,,
,,,,,
,,,,,
,,,,,
,,,,,
,,,,,
,,,,,
,,,,,
,,,,,
,,,,,
,,,,,
,,,,,
,,,,,
,,,,,
,,,,,
,,,,,
,,,,,
,,,,,
,,,,,
,,,,,
,,,,,
,,,,,
,,,,,
,,,,,
,,,,,
,,,,,
,,,,,
,,,,,
,,,,,
,,,,,
,,,,,
,,,,,
,,,,,
,,,,,
,,,,,
,,,,,
,,,,,
,,,,,
,,,,,
,,,,,
,,,,,
,,,,,
,,,,,
,,,,,
,,,,,
,,,,,
,,,,,
,,,,,
,,,,,
,,,,,
,,,,,
,,,,,
,,,,,
,,,,,
,,,,,
,,,,,
,,,,,
,,,,,
,,,,,
,,,,,
,,,,,
,,,,,
,,,,,
,,,,,
,,,,,
,,,,,
,,,,,
,,,,,
,,,,,
,,,,,
,,,,,
,,,,,
,,,,,
,,,,,
,,,,,
,,,,,
,,,,,
,,,,,
,,,,,
,,,,,
,,,,,
,,,,,
,,,,,
,,,,,
,,,,,
,,,,,
,,,,,
,,,,,
,,,,,
,,,,,
,,,,,
,,,,,
,,,,,
,,,,,
,,,,,
,,,,,
,,,,,
,,,,,
,,,,,
,,,,,
,,,,,
,,,,,
,,,,,
,,,,,
,,,,,
,,,,,
,,,,,
,,,,,
,,,,,
,,,,,
,,,,,
,,,,,
,,,,,
,,,,,
,,,,,
,,,,,
,,,,,
,,,,,
,,,,,
,,,,,
,,,,,
,,,,,
,,,,,
,,,,,
,,,,,
,,,,,
,,,,,
,,,,,
,,,,,
,,,,,
,,,,,
,,,,,
,,,,,
,,,,,
,,,,,
,,,,,
,,,,,
,,,,,
,,,,,
,,,,,
,,,,,
,,,,,
,,,,,
,,,,,
,,,,,
,,,,,
,,,,,
,,,,,
,,,,,
,,,,,
,,,,,
,,,,,
,,,,,
,,,,,
,,,,,
,,,,,
,,,,,
,,,,,
,,,,,
,,,,,
,,,,,
,,,,,
,,,,,
,,,,,
,,,,,
,,,,,
,,,,,
,,,,,
,,,,,
,,,,,
,,,,,
,,,,,
,,,,,
,,,,,
,,,,,
,,,,,
,,,,,
,,,,,
,,,,,
,,,,,
,,,,,
,,,,,
,,,,,
,,,,,
,,,,,
,,,,,
,,,,,
,,,,,
,,,,,
,,,,,
,,,,,
,,,,,
,,,,,
,,,,,
,,,,,
,,,,,
,,,,,
,,,,,
,,,,,
,,,,,
,,,,,
,,,,,
,,,,,
,,,,,
,,,,,
,,,,,
,,,,,
,,,,,
,,,,,
,,,,,
,,,,,
,,,,,
,,,,,
,,,,,
,,,,,
,,,,,
,,,,,
,,,,,
,,,,,
,,,,,
,,,,,
,,,,,
,,,,,
,,,,,
,,,,,