Rank,Brand,Product Category,Points,,
1,Vodafone,Telecoms & Utilities,195.8,,
2,Ariel,Household & Domestic,164.2,,
3,John Lewis,Retail,163.4,,
4,IKEA,Retail,151.8,,
5,Dove,Toiletries & Cosmetics,145.8,,
6,MasterCard,Financial Services,122.6,,
7,Coca-Cola,Soft Drinks,116.6,,
8,McDonald’s,Retail,110.5,,
9,Snickers,Food,109.4,,
10,Heineken,Alcoholic Drinks,100.0,,
11,Double Robotics,Technology & Electronics,95.0,,
12,Volvo,Automotive,91.2,,
13,Volkswagen,Automotive,90.7,,
14,Mercedes-Benz,Automotive,88.7,,
15,KFC,Retail,88.4,,
16,REI,Retail,86.7,,
17,Pepsi,Soft Drinks,86.2,,
18,Media Markt,Retail,84.2,,
19,"Economist, The",Media & Publishing,79.5,,
20,truth®,"Non-profit, public sector & education",76.4,,
21,Lidl,Retail,72.6,,
22,Visa,Financial Services,71.6,,
23,Always,Toiletries & Cosmetics,69.6,,
24,Narellan Pools,Retail,64.5,,
25,Apple,Technology & Electronics,64.2,,
26,Kraft Foods,Food,61.9,,
27,New Zealand Transport Agency,"Non-profit, public sector & education",61.6,,
28,Sainsbury's,Retail,59.9,,
29,Maxis,Telecoms & Utilities,59.1,,
30,Pedigree,Household & Domestic,58.6,,
31,Burger King,Retail,58.2,,
32,Microsoft,Leisure & Entertainment,56.8,,
33,Nike,Clothing & Accessories,56.7,,
34,Toyota,Automotive,55.6,,
35,Maggi,Food,55.0,,
35,Google,Business & Industrial,55.0,,
37,Oreo,Food,54.8,,
38,Samsung Galaxy,Technology & Electronics,53.5,,
39,ANZ,Financial Services,53.4,,
40,L'Oréal,Toiletries & Cosmetics,52.9,,
41,Huawei,Technology & Electronics,51.8,,
42,SPC,Business & Industrial,51.7,,
43,Taco Bell,Retail,51.2,,
44,Macmillan Cancer Support,"Non-profit, public sector & education",50.6,,
45,BMW,Automotive,50.4,,
46,Tigerair,Transport & Tourism,49.6,,
46,Walmart,Retail,49.6,,
48,Western Union,Financial Services,49.4,,
49,Old Spice,Toiletries & Cosmetics,48.6,,
50,Ford,Automotive,48.2,,
51,Gatorade,Soft Drinks,47.8,,
52,Direct Line,Financial Services,47.7,,
53,Sensodyne,Toiletries & Cosmetics,47.4,,
54,Carlsberg,Alcoholic Drinks,45.7,,
55,Telekom,Telecoms & Utilities,45.1,,
56,Make Love Not Scars,"Non-profit, public sector & education",44.7,,
57,UPS,Telecoms & Utilities,44.6,,
57,Target,Retail,44.6,,
59,Lifebuoy,Toiletries & Cosmetics,43.7,,
60,Pepsi Max,Soft Drinks,43.4,,
61,Amnesty International,"Non-profit, public sector & education",43.2,,
62,EA Madden NFL ’15,Leisure & Entertainment,41.0,,
63,Akanksha Foundation,"Non-profit, public sector & education",40.8,,
64,Guinness,Alcoholic Drinks,40.4,,
65,Whirlpool,Household & Domestic,39.9,,
66,Xfinity,Telecoms & Utilities,39.8,,
66,New York Lottery,Leisure & Entertainment,39.8,,
68,WWF,"Non-profit, public sector & education",39.6,,
68,Three,Telecoms & Utilities,39.6,,
70,Fuji Xerox,Business & Industrial,38.9,,
71,Bonds,Retail,37.9,,
72,CVS Health,Pharma & Healthcare,37.2,,
73,Big Heart Pet Brands,Household & Domestic,37.1,,
74,Movistar,Telecoms & Utilities,36.7,,
75,Aldi,Retail,36.6,,
76,DB Export,Alcoholic Drinks,36.0,,
76,Sting,Soft Drinks,36.0,,
78,Chevrolet,Automotive,35.6,,
79,Anchor,Soft Drinks,35.3,,
80,EDEKA,Retail,34.8,,
81,O2,Telecoms & Utilities,34.4,,
82,Subaru,Automotive,34.3,,
83,JCPenney,Retail,34.2,,
84,Kimberly-Clark,Pharma & Healthcare,33.9,,
84,Entel,Telecoms & Utilities,33.9,,
86,Nissan,Automotive,33.7,,
87,Tim Hortons,Retail,33.6,,
88,KitKat,Food,33.2,,
88,Knorr,Food,33.2,,
90,Aetna,Pharma & Healthcare,32.9,,
91,The Tillamook Co-op,Food,32.8,,
92,NHS Blood and Transplant,"Non-profit, public sector & education",32.1,,
93,Land Rover,Automotive,31.4,,
94,Hornbach,Retail,31.3,,
95,LEGO,Leisure & Entertainment,31.2,,
96,Febreze,Household & Domestic,31.1,,
97,Mr. Sketch,Household & Domestic,31.0,,
97,Allstate Insurance Company,Financial Services,31.0,,
97,Mollie’s Fund,"Non-profit, public sector & education",31.0,,
100,Mark's,Retail,30.4,,
101,ActionAid,"Non-profit, public sector & education",30.3,,
102,Scoot,Transport & Tourism,30.2,,
103,Moms Demand Action for Gun Sense in America,"Non-profit, public sector & education",29.7,,
104,Uni Noodle,Food,29.5,,
105,New Zealand Breast Cancer Foundation,"Non-profit, public sector & education",28.7,,
105,Art Fund,"Non-profit, public sector & education",28.7,,
105,Save the Children,"Non-profit, public sector & education",28.7,,
105,Stoptober,"Non-profit, public sector & education",28.7,,
109,Ontario Women’s Directorate,"Non-profit, public sector & education",28.5,,
110,Audi,Automotive,28.4,,
111,Garnier,Toiletries & Cosmetics,28.1,,
111,Arby’s,Retail,28.1,,
111,Amazon,Media & Publishing,28.1,,
114,Procter & Gamble,Toiletries & Cosmetics,28.0,,
114,Hindustan Unilever,Household & Domestic,28.0,,
116,Meetic,Media & Publishing,27.8,,
117,Gillette,Toiletries & Cosmetics,27.3,,
118,Sour Patch Kids,Food,27.2,,
118,Alcon,Pharma & Healthcare,27.2,,
120,Under Armour,Clothing & Accessories,27.1,,
121,AIA,Financial Services,27.0,,
122,Lean Cuisine,Food,26.9,,
123,Turkcell,Telecoms & Utilities,26.5,,
124,Hailo,Business & Industrial,26.4,,
124,Halifax,Financial Services,26.4,,
124,House of Cards,Leisure & Entertainment,26.4,,
124,BT Sport,Media & Publishing,26.4,,
128,Johnson & Johnson,Toiletries & Cosmetics,26.2,,
129,Lexus,Automotive,26.1,,
130,Kasperle,Retail,26.0,,
130,National Institute for Blood,"Non-profit, public sector & education",26.0,,
132,The Clinton Foundation,"Non-profit, public sector & education",25.7,,
133,Epiphone,Retail,25.6,,
133,EXIT-Deutschland,"Non-profit, public sector & education",25.6,,
133,Ad Council,"Non-profit, public sector & education",25.6,,
136,Head & Shoulders,Toiletries & Cosmetics,25.5,,
137,Sixt,Transport & Tourism,25.4,,
138,Tencent,Leisure & Entertainment,25.3,,
139,Destination Canada,Transport & Tourism,25.1,,
140,Kenco,Soft Drinks,24.9,,
141,Asociación Defensora de Animales,"Non-profit, public sector & education",24.8,,
141,Gerber,Food,24.8,,
141,United Nations OCHA,"Non-profit, public sector & education",24.8,,
141,Domino's Pizza,Retail,24.8,,
145,Valspar,Household & Domestic,24.7,,
145,WestJet Airlines,Transport & Tourism,24.7,,
147,Alipay,Financial Services,24.4,,
147,Renault,Automotive,24.4,,
149,Verizon Wireless,Telecoms & Utilities,24.3,,
149,Jacobs Monarch,Soft Drinks,24.3,,
149,Kotex,Pharma & Healthcare,24.3,,
149,Mike's Hard Lemonade,Soft Drinks,24.3,,
149,Plataforma de Afectados por la Hipoteca (PAH),"Non-profit, public sector & education",24.3,,
149,Ostashkov Department of Housing,"Non-profit, public sector & education",24.3,,
149,Mentos,Food,24.3,,
149,TD Canada Trust,Financial Services,24.3,,
149,Countdown,Retail,24.3,,
158,Fiat,Automotive,24.1,,
159,Spies,Transport & Tourism,24.0,,
159,Lacta,Food,24.0,,
161,Mars,Food,23.9,,
162,Samsung,Technology & Electronics,23.8,,
163,Nivea,Toiletries & Cosmetics,23.5,,
164,IBM,Business & Industrial,23.3,,
165,Fanta,Soft Drinks,23.1,,
165,Opel,Automotive,23.1,,
167,T-Mobile,Telecoms & Utilities,22.9,,
168,Promote Iceland,Transport & Tourism,22.7,,
169,Ministry of National Education,"Non-profit, public sector & education",22.5,,
170,Airbnb,Transport & Tourism,22.1,,
171,Clight,Soft Drinks,22.0,,
172,UNACEM,Business & Industrial,21.8,,
172,Rip Curl,Clothing & Accessories,21.8,,
172,SmartLife,"Non-profit, public sector & education",21.8,,
175,Comfort,Household & Domestic,21.6,,
175,FarEasTone,Telecoms & Utilities,21.6,,
175,Philippines Department of Tourism,Transport & Tourism,21.6,,
178,Boeing,Business & Industrial,21.3,,
178,Legoland Florida Resort,Transport & Tourism,21.3,,
178,American Cancer Society,"Non-profit, public sector & education",21.3,,
178,Seamless,Retail,21.3,,
182,NSW Rural Fire Service,"Non-profit, public sector & education",21.2,,
183,Telenet,Telecoms & Utilities,21.0,,
183,Meyhanedeyiz.biz,Retail,21.0,,
185,Grupo Aval Acciones y Valores S.A.,Financial Services,20.9,,
185,Smirnoff,Alcoholic Drinks,20.9,,
187,Backus & Johnston,Alcoholic Drinks,20.8,,
187,Dunkin' Donuts,Retail,20.8,,
187,Newcastle Brown Ale,Alcoholic Drinks,20.8,,
187,Extra Gum,Food,20.8,,
191,Jameson,Alcoholic Drinks,20.3,,
191,Vlaamse Parkinson Liga (Flemish Parkinson Association),"Non-profit, public sector & education",20.3,,
193,NSPCC,"Non-profit, public sector & education",20.0,,
193,Fonterra,Soft Drinks,20.0,,
195,Progressive Insurance,Financial Services,19.9,,
195,Emirates,Financial Services,19.9,,
195,Hasbro,Retail,19.9,,
198,History Channel,Media & Publishing,19.8,,
198,Naked Emerging Brands,Soft Drinks,19.8,,
200,WaterWipes,Household & Domestic,19.5,,
201,Bijoux Indiscrets,Leisure & Entertainment,19.4,,
201,PayPal,Financial Services,19.4,,
201,Huggies,Toiletries & Cosmetics,19.4,,
204,O Boticário,Toiletries & Cosmetics,19.3,,
204,Tigo,Telecoms & Utilities,19.3,,
206,House of Cards,Media & Publishing,19.2,,
207,Royal British Legion,"Non-profit, public sector & education",19.1,,
207,Plusnet,Telecoms & Utilities,19.1,,
207,Wall's,Food,19.1,,
207,The Guardian & Observer,Media & Publishing,19.1,,
211,Panales Winny,Business & Industrial,18.9,,
211,Peugeot,Automotive,18.9,,
213,Similac,Food,18.6,,
213,Amopé Pedi Perfect™,Household & Domestic,18.6,,
213,GEICO,Financial Services,18.6,,
213,FLONASE Allergy Relief,Pharma & Healthcare,18.6,,
217,Tesco,Retail,18.5,,
218,Fundación Éxito,"Non-profit, public sector & education",18.3,,
218,Sadia,Food,18.3,,
220,Deadpool,Media & Publishing,18.2,,
221,Bajaj Motorcycles,Automotive,17.9,,
221,Dettol,Toiletries & Cosmetics,17.9,,
223,Decathlon,Retail,17.8,,
224,Intel,Business & Industrial,17.7,,
225,Samaritans of Singapore,"Non-profit, public sector & education",17.6,,
226,Hell Pizza,Retail,17.4,,
226,Meat & Livestock Australia,Food,17.4,,
228,Optus,Telecoms & Utilities,17.3,,
228,Foodstuffs,Retail,17.3,,
228,Kleenex,Household & Domestic,17.3,,
231,Orange,Telecoms & Utilities,17.2,,
231,Unilever,Toiletries & Cosmetics,17.2,,
231,Jaguar Land Rover,Automotive,17.2,,
231,Melbourne International Film Festival,Leisure & Entertainment,17.2,,
235,Idea Cellular,Telecoms & Utilities,17.1,,
236,Fundación Favaloro,Pharma & Healthcare,17.0,,
237,MS Limited Australia,"Non-profit, public sector & education",16.9,,
238,Tanishq,Retail,16.7,,
238,Boundary Road Brewery,Alcoholic Drinks,16.7,,
238,Bank of New Zealand,Financial Services,16.7,,
238,Santander,Financial Services,16.7,,
242,University of Engineering and Technology Admissions 2016,"Non-profit, public sector & education",16.4,,
243,Kofola,Soft Drinks,16.2,,
244,Kingsford Charcoal,Household & Domestic,16.1,,
244,Lowe's,Retail,16.1,,
244,Chobani,Food,16.1,,
244,PAN,Media & Publishing,16.1,,
244,RAGWITEK® and GRASTEK®,Pharma & Healthcare,16.1,,
244,Opera Mediaworks,Business & Industrial,16.1,,
244,Comitê Organizador Rio 2016,"Non-profit, public sector & education",16.1,,
251,Grupo Éxito,Retail,16.0,,
252,Energizer,Household & Domestic,15.9,,
252,McVitie's,Food,15.9,,
254,Beijing Xiaomi Mobile software,Telecoms & Utilities,15.8,,
254,Cathay Financial Holding,Financial Services,15.8,,
254,Kang Shi Fu Instant Noodles Investment,Food,15.8,,
254,"President Enterprises (China) Investment Co., Ltd",Soft Drinks,15.8,,
254,Shanghai Golden olive culture development centre,"Non-profit, public sector & education",15.8,,
254,Chevron,Automotive,15.8,,
254,SA Health,"Non-profit, public sector & education",15.8,,
254,Nescafé Dolce Gusto,Soft Drinks,15.8,,
262,Fair & Lovely,Toiletries & Cosmetics,15.7,,
262,Microloan Foundation,"Non-profit, public sector & education",15.7,,
262,Corona,Alcoholic Drinks,15.7,,
262,Mega,Media & Publishing,15.7,,
262,Paris,Retail,15.7,,
267,Bou Khalil Supermarche,Retail,15.6,,
267,Jarir Bookstore,Retail,15.6,,
267,Labanita,Soft Drinks,15.6,,
267,Pril,Household & Domestic,15.6,,
267,Saudi Telecom Company,Telecoms & Utilities,15.6,,
267,Iams,Household & Domestic,15.6,,
267,G Adventures,Transport & Tourism,15.6,,
267,Pierre Robert,Clothing & Accessories,15.6,,
275,Sport Club do Recife,Leisure & Entertainment,15.5,,
276,Nestlé,Food,15.4,,
276,adidas,Clothing & Accessories,15.4,,
276,Claro,Telecoms & Utilities,15.4,,
279,BBC Earth,Media & Publishing,15.1,,
279,Ambi Pur,Household & Domestic,15.1,,
279,San Andreas,Leisure & Entertainment,15.1,,
279,MEC Global,Business & Industrial,15.1,,
279,Star Wars The Force Awakens,Leisure & Entertainment,15.1,,
279,Bolia.com,Household & Domestic,15.1,,
285,Kellogg's,Food,14.9,,
285,Doritos,Food,14.9,,
287,National Geographic Channel,Media & Publishing,14.8,,
287,Nescafé,Soft Drinks,14.8,,
289,Lion,Soft Drinks,14.7,,
289,Medcom,Media & Publishing,14.7,,
289,The Electoral Commission,"Non-profit, public sector & education",14.7,,
289,Sealord,Food,14.7,,
293,Toys 'R' Us,Retail,14.6,,
293,Axis Securities Limited,Financial Services,14.6,,
293,Skagen Funds,Financial Services,14.6,,
293,Lloyds Bank,Financial Services,14.6,,
293,Curitiba City Hall,"Non-profit, public sector & education",14.6,,
293,Vattenfall,Telecoms & Utilities,14.6,,
293,Reliance General Insurance,Financial Services,14.6,,
293,NASCAR,Leisure & Entertainment,14.6,,
293,Formann Gym,Leisure & Entertainment,14.6,,
293,Victoria Bitter,Alcoholic Drinks,14.6,,
293,The Danish Cancer Society,"Non-profit, public sector & education",14.6,,
293,Lufthansa,Transport & Tourism,14.6,,
293,El Al,Transport & Tourism,14.6,,
306,We Compost,Telecoms & Utilities,14.3,,
306,Pantene,Toiletries & Cosmetics,14.3,,
308,Shelter Pet,"Non-profit, public sector & education",14.2,,
308,Me & The Bees Lemonade,Soft Drinks,14.2,,
308,The GRAMMYs,Leisure & Entertainment,14.2,,
308,MyMusicRx,"Non-profit, public sector & education",14.2,,
308,Kinetic,Technology & Electronics,14.2,,
313,Magistral,Household & Domestic,14.1,,
313,General Election,"Non-profit, public sector & education",14.1,,
313,Johnnie Walker,Alcoholic Drinks,14.1,,
316,ShopClues.com,Retail,14.0,,
316,Anta,Clothing & Accessories,14.0,,
316,Surf Excel,Household & Domestic,14.0,,
316,Indian Association of Palliative Care (IAPC),"Non-profit, public sector & education",14.0,,
316,Bill & Melinda Gates Foundation,"Non-profit, public sector & education",14.0,,
316,HDFC Life,Financial Services,14.0,,
316,Asian Paints Colour Academy,Household & Domestic,14.0,,
316,Bharti Airtel,Telecoms & Utilities,14.0,,
324,Paty,Food,13.8,,
325,Campofrío,Food,13.7,,
325,Currys PC World,Retail,13.7,,
327,AIDS Concern,"Non-profit, public sector & education",13.6,,
327,Zalando,Retail,13.6,,
329,RaboDirect,Financial Services,13.5,,
330,Construction Trading House Petrovich,Business & Industrial,13.3,,
330,Halo 5,Leisure & Entertainment,13.3,,
330,SIDIZ,Business & Industrial,13.3,,
330,Seagram's,Soft Drinks,13.3,,
330,Baedal Minjok,Technology & Electronics,13.3,,
335,JCDecaux,Media & Publishing,13.2,,
335,Studio Brussels,Media & Publishing,13.2,,
335,Intersport﻿,Retail,13.2,,
335,Gala Coral﻿,Retail,13.2,,
335,Gorta Self Help Africa,"Non-profit, public sector & education",13.2,,
335,Visit Brussels,Transport & Tourism,13.2,,
335,Villa Del Sur Levité Doble Sabor,Soft Drinks,13.2,,
335,Tarjeta Naranja,Financial Services,13.2,,
335,Banco Hipotecario,Financial Services,13.2,,
335,MACMA,"Non-profit, public sector & education",13.2,,
335,Quiero! Banco Galicia,Financial Services,13.2,,
335,Domino's Pizza,Food,13.2,,
335,Imagina Cuervo,Alcoholic Drinks,13.2,,
348,PLAY,Telecoms & Utilities,13.1,,
348,HejtStop,"Non-profit, public sector & education",13.1,,
348,Tampony o.b.,Toiletries & Cosmetics,13.1,,
348,Karaca,Retail,13.1,,
348,Ülker,Food,13.1,,
348,Pierre Cardin,Clothing & Accessories,13.1,,
348,SEK,Soft Drinks,13.1,,
348,D-SMART,Telecoms & Utilities,13.1,,
348,Bridgestone,Automotive,13.1,,
348,Magistratsabteilung 48,Retail,13.1,,
348,Graubünden Ferien,Transport & Tourism,13.1,,
348,ING,Financial Services,13.1,,
348,Yox Con Defensis,Food,13.1,,
361,NTUC Income,Financial Services,13.0,,
361,Falabella,Retail,13.0,,
361,Nido,Food,13.0,,
361,Gambrinus,Food,13.0,,
361,Bayadera Group,Alcoholic Drinks,13.0,,
361,Bukovel Resort,Transport & Tourism,13.0,,
361,Carpathian mineral waters,Soft Drinks,13.0,,
361,Wong,Retail,13.0,,
361,Milko,Food,13.0,,
361,Leumit Health Services,"Non-profit, public sector & education",13.0,,
361,Shanti House,"Non-profit, public sector & education",13.0,,
361,Marathon Sports,Retail,13.0,,
361,Agua Cristal,Soft Drinks,13.0,,
361,Zagrebačka pivovara,Financial Services,13.0,,
361,Acura,Automotive,13.0,,
361,Atados,"Non-profit, public sector & education",13.0,,
361,Reese's,Food,13.0,,
378,Banco Santander,Financial Services,12.9,,
379,Pilsen,Alcoholic Drinks,12.8,,
380,Kingston Technology Company,Technology & Electronics,12.6,,
380,PXMart,Retail,12.6,,
380,Banco República,Financial Services,12.6,,
383,TECNO,Telecoms & Utilities,12.5,,
383,Zain,Telecoms & Utilities,12.5,,
383,Daman,"Non-profit, public sector & education",12.5,,
386,Miller High Life,Alcoholic Drinks,12.4,,
386,Consumer Healthcare Products Association,Pharma & Healthcare,12.4,,
386,Lincoln,Automotive,12.4,,
386,Prevnar 13,Pharma & Healthcare,12.4,,
386,JetBlue Airways,Transport & Tourism,12.4,,
386,Pure Michigan,Transport & Tourism,12.4,,
386,Men’s ROGAINE®,Toiletries & Cosmetics,12.4,,
386,SolarCity,Telecoms & Utilities,12.4,,
386,Apartments.com,Media & Publishing,12.4,,
386,Cesar,Household & Domestic,12.4,,
386,California Department of Public Health,"Non-profit, public sector & education",12.4,,
386,Diet Dr Pepper,Soft Drinks,12.4,,
386,Hill’s Science Diet,Household & Domestic,12.4,,
386,KeyBank,Financial Services,12.4,,
386,BrokerCheck by FINRA,Financial Services,12.4,,
386,United States Postal Service,"Non-profit, public sector & education",12.4,,
386,Doctors of the World,"Non-profit, public sector & education",12.4,,
386,YWCA Canada,"Non-profit, public sector & education",12.4,,
386,5 Gum,Food,12.4,,
386,Nabob Coffee Company,Soft Drinks,12.4,,
386,AXE,Toiletries & Cosmetics,12.4,,
407,Westpac,Financial Services,12.2,,
408,"Hershey Company, The",Food,11.9,,
408,Love Yourself,"Non-profit, public sector & education",11.9,,
408,Hiroshima Prefecture Tourism Board,Transport & Tourism,11.9,,
408,Diu Tourism,Transport & Tourism,11.9,,
412,Women's Aid,"Non-profit, public sector & education",11.8,,
412,Fundacion Voz Animal,"Non-profit, public sector & education",11.8,,
412,Arcos Dourados Comercio de Alimentos,Food,11.8,,
412,Central Cervacera Colombiana,Alcoholic Drinks,11.8,,
416,Bupa,Pharma & Healthcare,11.6,,
416,Quantas,Transport & Tourism,11.6,,
416,SAS,Transport & Tourism,11.6,,
419,Deutsche Telekom,Telecoms & Utilities,11.5,,
419,DirecTV,Media & Publishing,11.5,,
421,Lotería Nacional,"Non-profit, public sector & education",11.4,,
421,Converse,Clothing & Accessories,11.4,,
421,Magnum,Food,11.4,,
421,"Ministere Des Familles, De L'enfance et des Droits Des Femmes","Non-profit, public sector & education",11.4,,
425,Lynx,Toiletries & Cosmetics,11.3,,
425,Virgin Media,Telecoms & Utilities,11.3,,
427,Bournvita,Soft Drinks,11.2,,
427,Raymond,Retail,11.2,,
427,Droom.in,Automotive,11.2,,
430,A&W,Food,11.1,,
431,SapientNitro,Business & Industrial,11.0,,
432,Slurpee Xpandinator,Soft Drinks,10.9,,
432,American Red Cross,"Non-profit, public sector & education",10.9,,
432,Toddy,Soft Drinks,10.9,,
435,Australian Government - Department of Social Services,"Non-profit, public sector & education",10.8,,
435,"Appliance Shed, The",Retail,10.8,,
435,Aspirina 100,Pharma & Healthcare,10.8,,
435,Compañía Nacional de Chocolates,Food,10.8,,
435,Aegean Airlines,Transport & Tourism,10.8,,
440,American Express,Financial Services,10.7,,
440,Western Digital,Telecoms & Utilities,10.7,,
440,Spike TV,Media & Publishing,10.7,,
443,Casillero del Diablo﻿,Alcoholic Drinks,10.6,,
443,San Pellegrino,Soft Drinks,10.6,,
443,HSBC,Financial Services,10.6,,
443,Alto Palermo Shopping,Retail,10.6,,
443,Gallo Snacks,Food,10.6,,
443,Blem,Household & Domestic,10.6,,
443,Lacoste,Clothing & Accessories,10.6,,
443,Department for International Trade,"Non-profit, public sector & education",10.6,,
443,DFS,Retail,10.6,,
443,Aviva,Financial Services,10.6,,
443,Cancer Research UK,"Non-profit, public sector & education",10.6,,
443,Unibet,Retail,10.6,,
443,easyJet,Transport & Tourism,10.6,,
443,Diabetes UK,"Non-profit, public sector & education",10.6,,
443,Tommee Tippee,Retail,10.6,,
443,what3words,Technology & Electronics,10.6,,
459,Dr.Max,Pharma & Healthcare,10.5,,
459,Svenska Turistföreningen,Transport & Tourism,10.5,,
459,Migros,Retail,10.5,,
459,The Natural Confectionary Company,Food,10.5,,
459,Orchard Thieves,Alcoholic Drinks,10.5,,
464,Publicar publicidad multimedia,Business & Industrial,10.4,,
464,Chocoramo,Food,10.4,,
464,Erste Bank,Financial Services,10.4,,
464,Mall Plaza,Retail,10.4,,
464,Domestos,Household & Domestic,10.4,,
464,Soproni,Alcoholic Drinks,10.4,,
464,CJSC Chumak,Food,10.4,,
464,Panetón D'Onofrio,Food,10.4,,
464,Nurofen,Pharma & Healthcare,10.4,,
464,"Ministerio de Justicia, Derechos Humanos y Cultos","Non-profit, public sector & education",10.4,,
464,Galletas Pozuelo,Food,10.4,,
464,TELETICA,Leisure & Entertainment,10.4,,
464,Lockheed Martin,Business & Industrial,10.4,,
464,Samsung Gear VR,Technology & Electronics,10.4,,
464,Spotify,Media & Publishing,10.4,,
464,Danske Bank,Financial Services,10.4,,
464,Maltin Power,Soft Drinks,10.4,,
464,Suncorp,Financial Services,10.4,,
464,RAM 700,Automotive,10.4,,
464,Galaxy S6,Technology & Electronics,10.4,,
464,Active Wheel,Household & Domestic,10.4,,
464,Bepanthen,Pharma & Healthcare,10.4,,
464,Very.co.uk,Retail,10.4,,
464,Bank of America,Financial Services,10.4,,
464,Cusqueña,Alcoholic Drinks,10.4,,
489,Antartica,Alcoholic Drinks,10.3,,
490,Sportsbet,Retail,10.2,,
490,AstraZeneca Respiratory,Pharma & Healthcare,10.2,,
492,MILO,Soft Drinks,10.1,,
493,Oikos,Food,10.0,,
493,Toms,Clothing & Accessories,10.0,,
493,American Greetings,Media & Publishing,10.0,,
496,truTV,Media & Publishing,9.9,,
496,USA Network,Media & Publishing,9.9,,
496,Buick,Automotive,9.9,,
496,Stella Artois,Alcoholic Drinks,9.9,,
496,Delta Faucet,Household & Domestic,9.9,,
496,Palm Breeze,Alcoholic Drinks,9.9,,
496,William Grant & Sons,Alcoholic Drinks,9.9,,
496,Topgolf,Leisure & Entertainment,9.9,,
496,Extended Stay America,Transport & Tourism,9.9,,
496,Sensient Colors,Food,9.9,,
506,The National Defence Recruitment,"Non-profit, public sector & education",9.7,,
506,Brita,Household & Domestic,9.7,,
506,Viasat,Telecoms & Utilities,9.7,,
506,Georgia,Soft Drinks,9.7,,
506,ABANCA,Financial Services,9.7,,
506,Mondelēz Russia,Retail,9.7,,
506,DFW Customers,Transport & Tourism,9.7,,
506,Showa Shell,Telecoms & Utilities,9.7,,
506,Proximity Barcelona,Media & Publishing,9.7,,
506,Schweppes,Soft Drinks,9.7,,
506,E.ON,Telecoms & Utilities,9.7,,
506,Alberta Beverage Container Recycling Corp,"Non-profit, public sector & education",9.7,,
506,Tui,Alcoholic Drinks,9.7,,
506,Biruliovo Municipal Animals' Shelter,"Non-profit, public sector & education",9.7,,
506,Nationwide,Financial Services,9.7,,
506,Canadian Breast Cancer Foundation,"Non-profit, public sector & education",9.7,,
522,JBS,Food,9.6,,
522,LATAM,Transport & Tourism,9.6,,
522,Halls Mini,Food,9.6,,
522,Itaú Unibanco,Financial Services,9.6,,
522,Coors Light,Alcoholic Drinks,9.6,,
522,First Direct,Financial Services,9.6,,
522,First4Adoption,"Non-profit, public sector & education",9.6,,
522,The Conservative Party,"Non-profit, public sector & education",9.6,,
522,Costa,Retail,9.6,,
522,Mattessons,Food,9.6,,
522,Eurotunnel Le Shuttle,Transport & Tourism,9.6,,
522,Officeworks,Retail,9.6,,
534,JD.com,Retail,9.5,,
534,SIGMU ZTE preservation of,Pharma & Healthcare,9.5,,
534,FamilyMart,Retail,9.5,,
534,Vedan,Food,9.5,,
534,IFAW / Phoenix,"Non-profit, public sector & education",9.5,,
534,Xin'an Tokio Marine Insurance Co.,Financial Services,9.5,,
534,YAMAHA Taiwan,Automotive,9.5,,
534,President Chain Store,Retail,9.5,,
534,Taiwan Wacoal,Retail,9.5,,
543,Vauxhall,Automotive,9.4,,
543,The END ALS Association,"Non-profit, public sector & education",9.4,,
543,Puck,Food,9.4,,
543,Loto Libanaise,Leisure & Entertainment,9.4,,
543,Boubyan Bank,Financial Services,9.4,,
543,Du,Telecoms & Utilities,9.4,,
543,Dacia Dokker,Automotive,9.4,,
543,Baheya Cancer Hospital,Pharma & Healthcare,9.4,,
543,Kafa,"Non-profit, public sector & education",9.4,,
552,Dabur,Pharma & Healthcare,9.3,,
552,VisitBritain,Transport & Tourism,9.3,,
552,Tang,Soft Drinks,9.3,,
552,Silid Aralan,"Non-profit, public sector & education",9.3,,
552,Shanghai Johnson & Johnson Pharmaceuticals,Toiletries & Cosmetics,9.3,,
557,Estrella Damm,Alcoholic Drinks,9.2,,
557,Islas Canarias,Transport & Tourism,9.2,,
559,Eureka Forbes,Retail,9.0,,
559,Watsons,Retail,9.0,,
561,Lipton,Soft Drinks,8.9,,
562,Pomorola,Food,8.8,,
562,Grupo Modelo,Alcoholic Drinks,8.8,,
562,Cervecería Backus,Alcoholic Drinks,8.8,,
562,Molinos Rio de la Plata S.A,Food,8.8,,
562,United Nations Organisation,"Non-profit, public sector & education",8.8,,
562,Arti S.A.,Retail,8.8,,
568,Universal Pictures,Leisure & Entertainment,8.7,,
568,Blackmores,Pharma & Healthcare,8.7,,
570,Wella,Toiletries & Cosmetics,8.6,,
571,GROUPE BEL,Food,8.5,,
571,SOCIETE GENERALE,Financial Services,8.5,,
571,EQUIDIA,Media & Publishing,8.5,,
571,L'AGENCE NATIONALE DES FREQUENCES,Media & Publishing,8.5,,
571,Sante Publique Franc,"Non-profit, public sector & education",8.5,,
576,Shell,Business & Industrial,8.4,,
576,Monarch Airlines,Transport & Tourism,8.4,,
576,Royal London,Financial Services,8.4,,
576,Capital One,Financial Services,8.4,,
576,Atlas Copco Underground Rock Excavation division,Business & Industrial,8.4,,
576,Green Flag,Automotive,8.4,,
576,Vitality health insurance,Financial Services,8.4,,
576,OxfordSM,Business & Industrial,8.4,,
576,Lotto,"Non-profit, public sector & education",8.4,,
576,Pot Noodle,Food,8.4,,
576,Sport England,"Non-profit, public sector & education",8.4,,
576,Marks & Spencer,Retail,8.4,,
576,Stayfree,Toiletries & Cosmetics,8.4,,
576,Ambuja Cement,Business & Industrial,8.4,,
576,Bajaj Avenger,Automotive,8.4,,
576,Brooke Bond Red Label,Soft Drinks,8.4,,
576,SuperValu,Retail,8.4,,
593,ShanghaiPRIDE,"Non-profit, public sector & education",8.2,,
594,World Vision,"Non-profit, public sector & education",8.1,,
594,Inland Revenue New Zealand,"Non-profit, public sector & education",8.1,,
594,Health Promotion Agency New Zealand,"Non-profit, public sector & education",8.1,,
594,OTE My Wifi,Telecoms & Utilities,8.1,,
594,DODONI Strained Yogurt,Food,8.1,,
594,Joker,Retail,8.1,,
594,Amstel,Alcoholic Drinks,8.1,,
601,MTS,Telecoms & Utilities,8.0,,
601,T2 Mobile,Telecoms & Utilities,8.0,,
601,Megafon,Telecoms & Utilities,8.0,,
604,Bona o.p.s.﻿,"Non-profit, public sector & education",7.9,,
604,Czech Table Tennis Association,Leisure & Entertainment,7.9,,
604,Unilever Hair Brands,Toiletries & Cosmetics,7.9,,
604,Paso de los Toros,Soft Drinks,7.9,,
604,Bagley,Food,7.9,,
604,Tulipán,Business & Industrial,7.9,,
604,Garbarino,Retail,7.9,,
604,Noblex,Technology & Electronics,7.9,,
604,Ferrero Rocher,Food,7.9,,
604,Tecate,Alcoholic Drinks,7.9,,
604,Cemex Pavimentos,Business & Industrial,7.9,,
604,Titan y Frontier NP300,Automotive,7.9,,
604,GNP Seguros,Financial Services,7.9,,
604,Rexona,Toiletries & Cosmetics,7.9,,
604,Umobile,Telecoms & Utilities,7.9,,
604,Kuchnia Spotkań IKEA,Retail,7.9,,
604,Permen,Pharma & Healthcare,7.9,,
604,Wypożyczka,Financial Services,7.9,,
604,Emerytura bez obaw,Financial Services,7.9,,
604,Żabka,Retail,7.9,,
604,Balparmak,Food,7.9,,
604,Bolulu Hasan Usta,Food,7.9,,
604,Riot Games,Leisure & Entertainment,7.9,,
604,Darüşşafaka,"Non-profit, public sector & education",7.9,,
604,Prima,Retail,7.9,,
604,BSH Ev Aletleri - Profilo,Business & Industrial,7.9,,
604,Eti Hoşbeş,Food,7.9,,
604,Türk Telekom Grubu Evde İnternet,Telecoms & Utilities,7.9,,
604,Erikli,Soft Drinks,7.9,,
604,KPN,Telecoms & Utilities,7.9,,
604,Hertog Jan,Alcoholic Drinks,7.9,,
604,PostNL,Telecoms & Utilities,7.9,,
604,AHOLD DELHAIZE,Retail,7.9,,
604,Tante Fanny Frischteig,Food,7.9,,
604,Brau Union Österreich,Alcoholic Drinks,7.9,,
604,Hofer,Telecoms & Utilities,7.9,,
604,WGKK,"Non-profit, public sector & education",7.9,,
604,Kelly,Food,7.9,,
604,CARE Österreich,"Non-profit, public sector & education",7.9,,
643,SO Appenzeller Käse,Food,7.8,,
643,UBS Schweiz,Financial Services,7.8,,
643,Migros-Genossenschafts-Bund,"Non-profit, public sector & education",7.8,,
643,Mazda,Automotive,7.8,,
643,Salt Mobile,Telecoms & Utilities,7.8,,
643,Carulla,Retail,7.8,,
643,Poker,Alcoholic Drinks,7.8,,
643,Media Advisors,Business & Industrial,7.8,,
643,El Corral,Retail,7.8,,
643,Asociación Colombiana de Porcicultores - Fondo Nacional de la Porcicultura,Food,7.8,,
643,Ministry of Communications and Information (MCI),"Non-profit, public sector & education",7.8,,
643,Cruz Roja Chilena,"Non-profit, public sector & education",7.8,,
643,Marco Polo,Food,7.8,,
643,Johnson,Retail,7.8,,
643,Barum Czech Rally Zlín,"Non-profit, public sector & education",7.8,,
643,Ministerstvo pro místní rozvoj České republiky,"Non-profit, public sector & education",7.8,,
643,RWE,Telecoms & Utilities,7.8,,
643,Raiffeisenbank,Financial Services,7.8,,
643,"Saneca Trade CZ, s. r. o. / Indulona",Toiletries & Cosmetics,7.8,,
643,Provident,Financial Services,7.8,,
643,Magyar Telekom,Telecoms & Utilities,7.8,,
643,Szallas.hu,Transport & Tourism,7.8,,
643,Autistic Art,"Non-profit, public sector & education",7.8,,
643,Bátor Tábor Alapítvány,"Non-profit, public sector & education",7.8,,
643,Zwack Unicum,Alcoholic Drinks,7.8,,
643,Bobotik,Pharma & Healthcare,7.8,,
643,WOG,Telecoms & Utilities,7.8,,
643,Unibet,"Non-profit, public sector & education",7.8,,
643,Metro Cash and Carry,Retail,7.8,,
643,Acino Pharma Start,Pharma & Healthcare,7.8,,
643,ALLO,Retail,7.8,,
643,JTI Bulgaria,Business & Industrial,7.8,,
643,Zagorka,Alcoholic Drinks,7.8,,
643,HOMECENTERS PERUANOS,Retail,7.8,,
643,CENCOSUD RETAIL PERÚ,Retail,7.8,,
643,VOLT,Soft Drinks,7.8,,
643,APEAD,"Non-profit, public sector & education",7.8,,
643,Inca Kola,Soft Drinks,7.8,,
643,Banco de Crédito del Perú,Financial Services,7.8,,
643,Purina Cat Chow,Household & Domestic,7.8,,
643,Alaska,Food,7.8,,
643,Federatia Romana de Fotbal,Leisure & Entertainment,7.8,,
643,Natura 2000 NGO Coalition,"Non-profit, public sector & education",7.8,,
643,ACR,Automotive,7.8,,
643,Doncafe,Soft Drinks,7.8,,
643,Carrefour Romania,Retail,7.8,,
643,Super-Pharm,Pharma & Healthcare,7.8,,
643,Yolo,Food,7.8,,
643,Lubinski Group,Automotive,7.8,,
643,Bank Leumi,Financial Services,7.8,,
643,Shufersal,Retail,7.8,,
643,Haaretz,Media & Publishing,7.8,,
643,Eldar Estate,Business & Industrial,7.8,,
643,Telma,Food,7.8,,
643,Pica Plásticos,Business & Industrial,7.8,,
643,CRIOLLITA MAGGI®,Food,7.8,,
643,Tuenti,Telecoms & Utilities,7.8,,
643,Detergente Ciclón,Household & Domestic,7.8,,
643,GameTherapy,"Non-profit, public sector & education",7.8,,
643,Gollo,Household & Domestic,7.8,,
643,Auto Mercado,Retail,7.8,,
643,Territorio de Zaguates,"Non-profit, public sector & education",7.8,,
643,Hrvatski Telekom,Telecoms & Utilities,7.8,,
643,Beats by Dr Dre,Leisure & Entertainment,7.8,,
643,Stylight,Retail,7.8,,
643,Lenovo,Business & Industrial,7.8,,
643,BAE Systems,Business & Industrial,7.8,,
643,Red Roof Inn,Transport & Tourism,7.8,,
643,Sherwin-Williams,Household & Domestic,7.8,,
643,The Miami HEAT,Media & Publishing,7.8,,
643,Hefty,Retail,7.8,,
643,Operation Smile,"Non-profit, public sector & education",7.8,,
643,Paper Boat,Soft Drinks,7.8,,
716,OLX,Retail,7.6,,
717,Fundación Pérez Scremini,"Non-profit, public sector & education",7.5,,
717,Barni,Food,7.5,,
719,Canadian Tire,Automotive,7.4,,
720,Sidral Mundet,Soft Drinks,7.1,,
720,UK Trade and Investment,"Non-profit, public sector & education",7.1,,
720,OMD UK,Business & Industrial,7.1,,
720,Alive and Kicking,"Non-profit, public sector & education",7.1,,
720,Pampers,Toiletries & Cosmetics,7.1,,
720,Arnold Clark Automobiles Ltd.,Automotive,7.1,,
720,Tesco Direct,Retail,7.1,,
720,ITV,Media & Publishing,7.1,,
720,The Wall Street Journal.,Media & Publishing,7.1,,
720,NHS,"Non-profit, public sector & education",7.1,,
720,Atlantic Records,Leisure & Entertainment,7.1,,
720,JUST EAT,Retail,7.1,,
720,Dyno,Business & Industrial,7.1,,
720,The NET SET,Retail,7.1,,
720,AXA Business Insurance,Financial Services,7.1,,
720,California Milk Processor Board,Soft Drinks,7.1,,
736,MINI,Automotive,6.9,,
736,Desperados,Alcoholic Drinks,6.9,,
736,FAADA,"Non-profit, public sector & education",6.9,,
736,Solvia,Business & Industrial,6.9,,
736,Jägermeister,Alcoholic Drinks,6.9,,
736,BBVA,Financial Services,6.9,,
742,Fondos para Becas,"Non-profit, public sector & education",6.8,,
742,Instituto de la Memoria,Pharma & Healthcare,6.8,,
744,Organ Donor Foundation,"Non-profit, public sector & education",6.7,,
744,Rin,Household & Domestic,6.7,,
744,Nabob,Food,6.7,,
744,Vancouver Opera,Leisure & Entertainment,6.7,,
744,Maple Leaf Sports & Entertainment - Toronto Raptors,Leisure & Entertainment,6.7,,
749,Weight Watchers,Food,6.6,,
749,Art Gallery of NSW,"Non-profit, public sector & education",6.6,,
751,Reprieve,"Non-profit, public sector & education",6.5,,
752,Instituto Antonio Houaiss – IAH,Media & Publishing,6.4,,
752,Intimus,Toiletries & Cosmetics,6.4,,
752,Campbell's Soup Australia,Food,6.4,,
752,Telstra,Telecoms & Utilities,6.4,,
752,Destination NSW,Transport & Tourism,6.4,,
752,NSW National Parks & Wildlife Service,"Non-profit, public sector & education",6.4,,
752,Pampas,Food,6.4,,
752,Stoneleigh Wine,Alcoholic Drinks,6.4,,
752,NSW Planning & Environment,"Non-profit, public sector & education",6.4,,
752,Love To Dream (LTD),Retail,6.4,,
752,eBay,Retail,6.4,,
763,Mary's Meals,"Non-profit, public sector & education",6.3,,
763,RSPB,"Non-profit, public sector & education",6.3,,
763,Barclays Africa,Financial Services,6.3,,
763,Dogs Trust,"Non-profit, public sector & education",6.3,,
763,Moon Milk,Soft Drinks,6.3,,
763,Oral-B,Toiletries & Cosmetics,6.3,,
763,Ningbo Fotile Kitchen Ware Co.,Business & Industrial,6.3,,
763,Didi Chuxing,Transport & Tourism,6.3,,
763,Ucar,Transport & Tourism,6.3,,
763,Mengniu Yoghurt,Soft Drinks,6.3,,
763,Cathay Life Insurance,Financial Services,6.3,,
763,Bank of communications,Financial Services,6.3,,
763,C&A,Retail,6.3,,
763,Japan Tourism Bureau,Transport & Tourism,6.3,,
763,Vedan,Soft Drinks,6.3,,
763,Yulon Motor,Automotive,6.3,,
763,LinkedIn,Business & Industrial,6.3,,
763,Fujian Seven Brand Group,Clothing & Accessories,6.3,,
763,Asia-Pacific Telecom,Telecoms & Utilities,6.3,,
763,ASUSTeK Computer,Technology & Electronics,6.3,,
763,Orio,Automotive,6.3,,
763,ICA,Retail,6.3,,
763,Systembolaget,Retail,6.3,,
763,Adobe,Business & Industrial,6.3,,
763,Comviq,Telecoms & Utilities,6.3,,
763,Stockholms Stadsmission,"Non-profit, public sector & education",6.3,,
763,McDonnells,Business & Industrial,6.3,,
763,AIB,Financial Services,6.3,,
763,Dairy Milk,Food,6.3,,
763,The Irish Times,Media & Publishing,6.3,,
763,Daintree,Retail,6.3,,
763,Fáilte Ireland,Transport & Tourism,6.3,,
795,Nana,Toiletries & Cosmetics,6.2,,
795,Chipsy,Food,6.2,,
795,United Nations Women,"Non-profit, public sector & education",6.2,,
795,ONTT,Transport & Tourism,6.2,,
795,The Egyptian Autistic Society,"Non-profit, public sector & education",6.2,,
795,Egyptian Tourism Authority,Transport & Tourism,6.2,,
795,Friends of Cancer Patients,"Non-profit, public sector & education",6.2,,
795,Project We Forgot,"Non-profit, public sector & education",6.2,,
795,Byblos Bank,Financial Services,6.2,,
795,Lane Bryant,Retail,6.2,,
795,Olay,Toiletries & Cosmetics,6.2,,
795,Jell-O,Food,6.2,,
795,Mucinex,Pharma & Healthcare,6.2,,
795,Esurance,Financial Services,6.2,,
795,It’s On Us,"Non-profit, public sector & education",6.2,,
795,Bridges Academy,"Non-profit, public sector & education",6.2,,
795,Southwest Airlines,Transport & Tourism,6.2,,
795,SAP,Technology & Electronics,6.2,,
795,Bay Area Council Too Small to Fail,"Non-profit, public sector & education",6.2,,
795,TYLENOL®,Pharma & Healthcare,6.2,,
795,New Balance,Clothing & Accessories,6.2,,
795,National Football League,Leisure & Entertainment,6.2,,
795,Autism Speaks,"Non-profit, public sector & education",6.2,,
795,Beringer,Alcoholic Drinks,6.2,,
795,GE,Telecoms & Utilities,6.2,,
795,Organic Fuel,Soft Drinks,6.2,,
795,TECGEN,Business & Industrial,6.2,,
795,Mountain Dew,Soft Drinks,6.2,,
795,Norton,Technology & Electronics,6.2,,
795,Idaho Tourism,Transport & Tourism,6.2,,
795,Hellmann’s,Food,6.2,,
795,Cottonelle,Household & Domestic,6.2,,
795,Pampers UnderJams,Toiletries & Cosmetics,6.2,,
795,Seeds of Change,Food,6.2,,
795,Depend,Toiletries & Cosmetics,6.2,,
795,Foot Locker,Retail,6.2,,
831,Beercycling – Simpelthen en pissegod idé,Alcoholic Drinks,6.0,,
831,Go’on,Business & Industrial,6.0,,
831,Tuborg,Alcoholic Drinks,6.0,,
831,Rådet for Sikker Trafik,"Non-profit, public sector & education",6.0,,
831,Louis Nielsen,Clothing & Accessories,6.0,,
831,G4S A/S,Business & Industrial,6.0,,
831,Interflora Danmark,Retail,6.0,,
831,Michelin India,Automotive,6.0,,
831,Amerta Indah Otsuka,Retail,6.0,,
840,Guarana Antarctica Black,Soft Drinks,5.9,,
840,Reclame Aqui,Business & Industrial,5.9,,
840,Almundo.com,Transport & Tourism,5.9,,
840,Banco Galicia,Financial Services,5.9,,
840,Ministerio da Defesa Nacional,"Non-profit, public sector & education",5.9,,
840,Tio Pelon,Food,5.9,,
840,Frito-Lay,Food,5.9,,
840,Netshoes/TiendaRiver.com,Retail,5.9,,
848,Beyond Blue,"Non-profit, public sector & education",5.8,,
848,Brownes Dairy,Food,5.8,,
848,Dr. Oetker,Food,5.8,,
848,Aktion Mensch,"Non-profit, public sector & education",5.8,,
848,EIS GmbH,Technology & Electronics,5.8,,
848,Bilou,Toiletries & Cosmetics,5.8,,
848,BVG,Telecoms & Utilities,5.8,,
855,Listerine,Toiletries & Cosmetics,5.7,,
855,UBER,Transport & Tourism,5.7,,
855,Fondation Nicolas Hulot Pour la Nature et L’Homme,"Non-profit, public sector & education",5.7,,
855,Armee de Terre,"Non-profit, public sector & education",5.7,,
855,DESJOYAUX PISCINES,Telecoms & Utilities,5.7,,
855,Smart,Automotive,5.7,,
855,Lu,Food,5.7,,
855,Perrier,Soft Drinks,5.7,,
855,LA POSTE,Telecoms & Utilities,5.7,,
864,Philips,Household & Domestic,5.6,,
864,"Department of Tourism, Government of Rajasthan",Transport & Tourism,5.6,,
864,YouTube,Media & Publishing,5.6,,
864,Dant kanti,Toiletries & Cosmetics,5.6,,
864,Amazon Kindle,Media & Publishing,5.6,,
864,TE-A-ME,Soft Drinks,5.6,,
864,Odomos,Toiletries & Cosmetics,5.6,,
864,Kala HIT,Household & Domestic,5.6,,
864,Tata Motors CVBU,Automotive,5.6,,
864,Love Doctor,"Non-profit, public sector & education",5.6,,
864,icanhelp.in,Pharma & Healthcare,5.6,,
864,Indian Red Cross Society (Karnataka State Branch),"Non-profit, public sector & education",5.6,,
864,Kurkure,Food,5.6,,
864,Razo,Pharma & Healthcare,5.6,,
864,Axis Bank,Financial Services,5.6,,
864,Durex,Pharma & Healthcare,5.6,,
864,Projext Nanhi Kali,"Non-profit, public sector & education",5.6,,
881,Lowe's Home Improvement,Retail,5.5,,
882,Canesten,Pharma & Healthcare,5.4,,
882,Cancer Society of New Zealand,"Non-profit, public sector & education",5.4,,
882,2degrees Mobile Limited,Telecoms & Utilities,5.4,,
882,Sacred Hill Vineyard,Alcoholic Drinks,5.4,,
882,ASB Bank,Financial Services,5.4,,
882,AMI,Financial Services,5.4,,
882,Chocolate Pavlidis,Food,5.4,,
882,The Famous Grouse,Alcoholic Drinks,5.4,,
882,Q Prepaid,Financial Services,5.4,,
882,ALFA,Alcoholic Drinks,5.4,,
882,Adler Planetarium,Leisure & Entertainment,5.4,,
882,Charles Schwab,Financial Services,5.4,,
894,Dislife.ru,"Non-profit, public sector & education",5.3,,
894,Intouch,Financial Services,5.3,,
894,WorldSkills Kazan 2019,"Non-profit, public sector & education",5.3,,
894,Sibakademstroy (Brusnika. Novosibirsk),Business & Industrial,5.3,,
894,M&M's,Food,5.3,,
894,Foresto®,Household & Domestic,5.3,,
894,Lotte Gum,Food,5.3,,
894,ULOS,Toiletries & Cosmetics,5.3,,
894,Samsung Card,Technology & Electronics,5.3,,
894,ROBOKING,Technology & Electronics,5.3,,
894,Sony Mobile Communications,Leisure & Entertainment,5.3,,
894,Anchor,Food,5.3,,
894,Freeview,Media & Publishing,5.3,,
894,"Èlovìk v tísni, o.p.s﻿","Non-profit, public sector & education",5.3,,
894,Amaro Braulio,Alcoholic Drinks,5.3,,
894,Jose Cuervo,Alcoholic Drinks,5.3,,
894,Plume Labs,Technology & Electronics,5.3,,
894,Gancia One,Alcoholic Drinks,5.3,,
894,Ibupirac,Pharma & Healthcare,5.3,,
894,Dot Baires Shopping,Retail,5.3,,
894,Telefe,Leisure & Entertainment,5.3,,
894,El Cronista,Media & Publishing,5.3,,
894,BC,Soft Drinks,5.3,,
894,TyC Sports,Media & Publishing,5.3,,
894,Cerveza Santa Fe,Alcoholic Drinks,5.3,,
894,Grupo Cepas,Alcoholic Drinks,5.3,,
894,Argentina Debate,"Non-profit, public sector & education",5.3,,
894,Personal,Telecoms & Utilities,5.3,,
894,Schneider,Technology & Electronics,5.3,,
894,Volaris,Transport & Tourism,5.3,,
894,Suavitel,Household & Domestic,5.3,,
894,Wibe,Financial Services,5.3,,
894,Alamo Residencial,Retail,5.3,,
894,Queso Philadelphia,Food,5.3,,
928,Safi Shayla,Toiletries & Cosmetics,5.2,,
928,InnerShine Prune Essence,Toiletries & Cosmetics,5.2,,
928,Serwis internetowy NAVIDOM,Financial Services,5.2,,
928,Berlinki,Food,5.2,,
928,Otwarte Konto Oszczędnościowe,Financial Services,5.2,,
928,Bayer,Business & Industrial,5.2,,
928,Zwolnieni z Teorii,"Non-profit, public sector & education",5.2,,
928,Piątnica,Food,5.2,,
928,Żywiec,Alcoholic Drinks,5.2,,
928,Actimel,Food,5.2,,
928,Akbank,Financial Services,5.2,,
928,Panço,Retail,5.2,,
928,SuperFresh,Food,5.2,,
928,Eti Maksimus,Food,5.2,,
928,Aygaz,Automotive,5.2,,
928,THY,Transport & Tourism,5.2,,
928,Koton,Retail,5.2,,
928,Hopi,Retail,5.2,,
928,Orkid,Toiletries & Cosmetics,5.2,,
928,Uludağ Gazoz,Soft Drinks,5.2,,
928,Ziraat Katılım Bankası,Financial Services,5.2,,
928,Algida,Food,5.2,,
928,Luppo Sandviç Kek,Food,5.2,,
928,Yemeksepeti.com,Telecoms & Utilities,5.2,,
928,Eti Karam Gurme,Food,5.2,,
928,Vestel,Household & Domestic,5.2,,
928,sahibinden.com,Retail,5.2,,
928,Eti Browni,Food,5.2,,
928,Enerjisa,Business & Industrial,5.2,,
928,Fuse Tea,Soft Drinks,5.2,,
928,Hartstiching,"Non-profit, public sector & education",5.2,,
928,HAK,Food,5.2,,
928,TELE2,Telecoms & Utilities,5.2,,
928,Amstel Radler,Alcoholic Drinks,5.2,,
928,Vegavita,Food,5.2,,
928,Nasivin,Pharma & Healthcare,5.2,,
928,Rudolf Ölz Meisterbäcker,Food,5.2,,
928,Philips Sonicare,Household & Domestic,5.2,,
928,Sunweb,Transport & Tourism,5.2,,
928,Medialaan,Media & Publishing,5.2,,
928,L'Oréal Elseve,Toiletries & Cosmetics,5.2,,
928,Die Post,Telecoms & Utilities,5.2,,
928,Frauenzentrale Züric,"Non-profit, public sector & education",5.2,,
928,Valais Wallis Promotion,Transport & Tourism,5.2,,
928,Porvenir,Financial Services,5.2,,
928,Space,Media & Publishing,5.2,,
928,Nutresa,Food,5.2,,
928,Universidad de los Andes,"Non-profit, public sector & education",5.2,,
928,Festival Internacional de Teatro de Manizales,Leisure & Entertainment,5.2,,
928,Indiebo,Leisure & Entertainment,5.2,,
928,RCN,Media & Publishing,5.2,,
928,Allianz,Financial Services,5.2,,
928,Banco de Millas Avianca,Financial Services,5.2,,
928,Postobón,Soft Drinks,5.2,,
928,Davivienda,Financial Services,5.2,,
928,Procolombia,Transport & Tourism,5.2,,
928,UOB Private Bank,Financial Services,5.2,,
928,SingTel,Telecoms & Utilities,5.2,,
928,Corporación ELA Chile,"Non-profit, public sector & education",5.2,,
928,San José,Food,5.2,,
928,Secreto Peruano Sour,Alcoholic Drinks,5.2,,
928,Almagro,Business & Industrial,5.2,,
928,Tritón,Food,5.2,,
928,Ripley,Retail,5.2,,
928,Yapo.cl,Media & Publishing,5.2,,
928,KIA,Automotive,5.2,,
928,Fórmuls Cummins Pro,Business & Industrial,5.2,,
928,Néctar Vivo,Soft Drinks,5.2,,
928,Člověk v tísni,"Non-profit, public sector & education",5.2,,
928,Nokian Tyres,Automotive,5.2,,
928,Potravinářská komora ČR / Evropský systém značení kvality,"Non-profit, public sector & education",5.2,,
928,Home Credit,Financial Services,5.2,,
928,Banco Falabella,Financial Services,5.2,,
928,Emirates,Transport & Tourism,5.2,,
928,Sanofi Pasteur,Pharma & Healthcare,5.2,,
928,Piros Orr Bohocdoktorok Alapitvany,"Non-profit, public sector & education",5.2,,
928,Mióma DTC Kampány,Pharma & Healthcare,5.2,,
928,Országos Mentőszolgálat Alapítvány,"Non-profit, public sector & education",5.2,,
928,Centrum,Pharma & Healthcare,5.2,,
928,Myronivsky Hilboproduct,Business & Industrial,5.2,,
928,Ukrtelekom,Telecoms & Utilities,5.2,,
928,Torchyn,Food,5.2,,
928,Beer Point,Alcoholic Drinks,5.2,,
928,PLUSPLUS,Media & Publishing,5.2,,
928,Art Collection Nikolai Nedelchev,"Non-profit, public sector & education",5.2,,
928,Philips TV,Household & Domestic,5.2,,
928,Telefónica,Telecoms & Utilities,5.2,,
928,MIBANCO,Financial Services,5.2,,
928,Opal,Food,5.2,,
928,Sublime,Food,5.2,,
928,Blanca Flor,Food,5.2,,
928,Cocinero,Food,5.2,,
928,Fundación Peruana de Cáncer,"Non-profit, public sector & education",5.2,,
928,Neumarkt,Alcoholic Drinks,5.2,,
928,Amigo,Soft Drinks,5.2,,
928,AIG,Financial Services,5.2,,
928,Ofer Avnir,Automotive,5.2,,
928,Hapoel Jerusalem,Leisure & Entertainment,5.2,,
928,Tara,Food,5.2,,
928,Strauss,Food,5.2,,
928,Strauss Water,Food,5.2,,
928,Cellcom,Telecoms & Utilities,5.2,,
928,Aceite La Favorita,Food,5.2,,
928,Jolly,Toiletries & Cosmetics,5.2,,
928,Palabra Lab,"Non-profit, public sector & education",5.2,,
928,Galletas Amor,Food,5.2,,
928,Premios Latinoamérica Verde,"Non-profit, public sector & education",5.2,,
928,Pizza Hut,Retail,5.2,,
928,Municipalidad de Curridabat,"Non-profit, public sector & education",5.2,,
928,Distribuidora de Cine ROMALY,Leisure & Entertainment,5.2,,
928,Defensoría de los Habitantes,"Non-profit, public sector & education",5.2,,
928,Organización Frontera a Frontera,"Non-profit, public sector & education",5.2,,
928,Del Fogón,Food,5.2,,
928,Disque Denuncia,"Non-profit, public sector & education",5.2,,
928,Keen Home,Technology & Electronics,5.2,,
928,Reynolds Wrap,Household & Domestic,5.2,,
928,Made with Gode,Business & Industrial,5.2,,
928,Nice'n Easy,Toiletries & Cosmetics,5.2,,
928,Netshoes,Retail,5.2,,
928,GE Healthcare,Pharma & Healthcare,5.2,,
928,PLAN-NET,Business & Industrial,5.2,,
928,Cornetto,Food,5.2,,
928,The Ad Council,"Non-profit, public sector & education",5.2,,
928,Headspace,Leisure & Entertainment,5.2,,
928,Lost-n-Found Youth,"Non-profit, public sector & education",5.2,,
928,Netflix,Media & Publishing,5.2,,
928,Dell,Business & Industrial,5.2,,
928,Awair,Technology & Electronics,5.2,,
928,Sky,Media & Publishing,5.2,,
928,Shelter,"Non-profit, public sector & education",5.2,,
928,Tiffany & Co.,Clothing & Accessories,5.2,,
928,Renasterea Foundation,"Non-profit, public sector & education",5.2,,
928,Sky Sports,Media & Publishing,5.2,,
928,Scope,"Non-profit, public sector & education",5.2,,
928,City Centre Deira/Mirdif,Retail,5.2,,
928,Itaú Bank,Financial Services,5.2,,
928,Sport Chek,Retail,5.2,,
1065,DBS Bank,Financial Services,5.1,,
1065,CeraVe,Toiletries & Cosmetics,5.1,,
1065,Halo Purely For Pets,Household & Domestic,5.1,,
1065,The Glenlivet,Alcoholic Drinks,5.1,,
1069,Techo Uruguay,"Non-profit, public sector & education",5.0,,
1069,Supermercados Devoto,Retail,5.0,,
1069,Uruguay Natural,Transport & Tourism,5.0,,
1069,Salus,Soft Drinks,5.0,,
1069,VOGUE,Toiletries & Cosmetics,5.0,,
1069,Chocolatada Conamigos de Conaprole,Food,5.0,,
1069,San Roque,Retail,5.0,,
1069,Cooperativa ACAC,Financial Services,5.0,,
1077,Best Western International,Leisure & Entertainment,4.9,,
1077,Scotch Tape,Retail,4.9,,
1077,Alexia Foods,Retail,4.9,,
1077,Goldfish,Food,4.9,,
1077,Illinois Office of Tourism,Transport & Tourism,4.9,,
1077,States United to Prevent Gun Violence,"Non-profit, public sector & education",4.9,,
1077,McCann XBC,Business & Industrial,4.9,,
1077,MixRadio,Telecoms & Utilities,4.9,,
1077,Chilli Beans,Retail,4.9,,
1077,Synoptik,Pharma & Healthcare,4.9,,
1077,BRING,Telecoms & Utilities,4.9,,
1077,North Shore Animal League,"Non-profit, public sector & education",4.9,,
1077,Genesis Energy,Telecoms & Utilities,4.9,,
1077,Hewlett Packard,Business & Industrial,4.9,,
1077,American Home Shield,Financial Services,4.9,,
1077,UNISYS,Technology & Electronics,4.9,,
1077,Hasbro,Leisure & Entertainment,4.9,,
1077,Cruz Roja Ecuador,"Non-profit, public sector & education",4.9,,
1077,Cox Communications,Retail,4.9,,
1077,Toy&Toy,Retail,4.9,,
1077,HBO,Media & Publishing,4.9,,
1077,Hjärnfonden,"Non-profit, public sector & education",4.9,,
1077,Hennessy,Alcoholic Drinks,4.9,,
1077,ConAgra Foods,Food,4.9,,
1101,Manulife,Financial Services,4.7,,
1101,VRGF,Leisure & Entertainment,4.7,,
1101,OfficeMax Australia,Retail,4.7,,
1101,OMO,Household & Domestic,4.7,,
1101,Godrej Consumer Products,Business & Industrial,4.7,,
1101,Aqua,Soft Drinks,4.7,,
1101,Yuhan,Toiletries & Cosmetics,4.7,,
1101,Asia Pacific Breweries,Alcoholic Drinks,4.7,,
1101,British Council Singapore,"Non-profit, public sector & education",4.7,,
1101,Omron,Business & Industrial,4.7,,
1101,Flipkart,Retail,4.7,,
1101,Perth Racing,Leisure & Entertainment,4.7,,
1101,Beam Suntory,Alcoholic Drinks,4.7,,
1101,Nimble,Financial Services,4.7,,
1115,Fundación Natalia Ponce de León,"Non-profit, public sector & education",4.6,,
1115,iliadin,Pharma & Healthcare,4.6,,
1115,Absolut,Alcoholic Drinks,4.6,,
1115,Nedbank,Financial Services,4.6,,
1115,Brothers for Life,"Non-profit, public sector & education",4.6,,
1115,South African National Blood Service,"Non-profit, public sector & education",4.6,,
1115,GB Foods,Food,4.6,,
1115,Banco Sabadell,Financial Services,4.6,,
1115,Bankia,Financial Services,4.6,,
1115,PlayStation,Leisure & Entertainment,4.6,,
1115,TOUS,Clothing & Accessories,4.6,,
1115,Solís,Food,4.6,,
1127,Ulster Bank,Financial Services,4.5,,
1127,Mini Babybel,Food,4.5,,
1127,Škoda Scout 4x4,Automotive,4.5,,
1127,Pornhub,Leisure & Entertainment,4.5,,
1127,Más grande que una cicatriz,"Non-profit, public sector & education",4.5,,
1127,Serie de TV,Media & Publishing,4.5,,
1127,Garagista Beer Company,Alcoholic Drinks,4.5,,
1134,Miami Valley Gaming,Leisure & Entertainment,4.4,,
1134,Bell Media,Telecoms & Utilities,4.4,,
1134,Canadian Tire,Retail,4.4,,
1134,Arctic Gardens (Bonduelle),Food,4.4,,
1134,The Canadian Centre for Gender and Sexual Diversity,"Non-profit, public sector & education",4.4,,
1134,La Presse Limitée,Media & Publishing,4.4,,
1134,Credit Counselling Society,Financial Services,4.4,,
1134,Becel,Toiletries & Cosmetics,4.4,,
1134,NBN Co,Telecoms & Utilities,4.4,,
1134,Youth Focus,"Non-profit, public sector & education",4.4,,
1134,NRMA Insurance,Financial Services,4.4,,
1145,Watchfinder,Retail,4.2,,
1145,Virgin Money,Financial Services,4.2,,
1145,Nutmeg,Financial Services,4.2,,
1145,WaterAid,"Non-profit, public sector & education",4.2,,
1145,Alzheimer's Research UK,"Non-profit, public sector & education",4.2,,
1145,EDF Energy,Telecoms & Utilities,4.2,,
1145,Virgin Trains,Transport & Tourism,4.2,,
1145,Hiscox,Financial Services,4.2,,
1145,The Times,Media & Publishing,4.2,,
1145,OVO Energy,Telecoms & Utilities,4.2,,
1145,thebar.com,Alcoholic Drinks,4.2,,
1145,Right to Buy Team - Department for Communities and Local Government,"Non-profit, public sector & education",4.2,,
1145,Loka,Soft Drinks,4.2,,
1145,Hövding,Retail,4.2,,
1145,Norwegian,Transport & Tourism,4.2,,
1145,TCO,"Non-profit, public sector & education",4.2,,
1145,Schibsted Sweden,"Non-profit, public sector & education",4.2,,
1145,Stora Enso,Retail,4.2,,
1145,Marabou,Food,4.2,,
1145,Risenta,Household & Domestic,4.2,,
1145,Pressbyrån,Retail,4.2,,
1145,Bord lascaigh Mhara,"Non-profit, public sector & education",4.2,,
1145,eir,Telecoms & Utilities,4.2,,
1145,Barry's Tea,Soft Drinks,4.2,,
1145,Cuisine de France,Food,4.2,,
1145,PhoneWatch,Telecoms & Utilities,4.2,,
1171,Canesten,Toiletries & Cosmetics,3.9,,
1171,Unitec New Zealand,"Non-profit, public sector & education",3.9,,
1171,Britain,Transport & Tourism,3.9,,
1171,OfficeMate,Retail,3.9,,
1175,L’Oreal,Toiletries & Cosmetics,3.2,,
1175,Nova Saveiro,Automotive,3.2,,
1175,Bradesco,Financial Services,3.2,,
1175,Sebrae,"Non-profit, public sector & education",3.2,,
1175,Itaucard,Financial Services,3.2,,
1175,Douban,Business & Industrial,3.2,,
1175,Inner Mongolia Yili Industrial Group Limited,Business & Industrial,3.2,,
1175,Reisui,Food,3.2,,
1175,Budweiser,Alcoholic Drinks,3.2,,
1175,EVA Air,Transport & Tourism,3.2,,
1175,Levi's,Clothing & Accessories,3.2,,
1175,Hong Kong Tourist board,Transport & Tourism,3.2,,
1175,Legendary pictures,Leisure & Entertainment,3.2,,
1175,Rejoice,Toiletries & Cosmetics,3.2,,
1175,Xin Second Hand Cars,Automotive,3.2,,
1175,Buick Verano,Automotive,3.2,,
1175,Baidu,Media & Publishing,3.2,,
1175,General Mills Corp Taiwan,Food,3.2,,
1175,Hiersun,Clothing & Accessories,3.2,,
1175,Taishin International Bank,Financial Services,3.2,,
1175,Tmall,Retail,3.2,,
1175,Unilever,Food,3.2,,
1197,Pru Life UK,Financial Services,3.1,,
1197,Dubai Cares,"Non-profit, public sector & education",3.1,,
1197,Go Sport,Retail,3.1,,
1197,Jumeirah,Transport & Tourism,3.1,,
1197,Pond's,Toiletries & Cosmetics,3.1,,
1202,CIMB Bank,Financial Services,3.0,,
1202,Gillette Venus,Toiletries & Cosmetics,3.0,,
1202,Reckitt Benckiser,Pharma & Healthcare,3.0,,
1202,AXA Group,Financial Services,3.0,,
1202,Godrej Security Solutions,Business & Industrial,3.0,,
1202,United Airlines,Transport & Tourism,3.0,,
1202,DHL,Business & Industrial,3.0,,
1202,Pernod Ricard Asia Travel Retail,Alcoholic Drinks,3.0,,
1202,Saga City,Transport & Tourism,3.0,,
1202,Wyeth Illuma,Pharma & Healthcare,3.0,,
1212,Salvation Army,"Non-profit, public sector & education",2.9,,
1212,Embotelladora La Mariposa SA,Soft Drinks,2.9,,
1212,Leao Fuze,Soft Drinks,2.9,,
1212,Mr Muscle,Household & Domestic,2.9,,
1212,Triple-S Advantage,Financial Services,2.9,,
1212,Universal Music Group,Leisure & Entertainment,2.9,,
1212,Lay's,Food,2.9,,
1212,Cerveceria y Malteria Quilmes,Alcoholic Drinks,2.9,,
1212,Ministry of Women's Affairs,"Non-profit, public sector & education",2.9,,
1212,Water Corporation,Telecoms & Utilities,2.9,,
1212,Myer,Retail,2.9,,
1212,Seeing Eye Dogs Australia,"Non-profit, public sector & education",2.9,,
1212,USG Boral,Business & Industrial,2.9,,
1212,Budget Direct,Financial Services,2.9,,
1212,Taylors Wines,Business & Industrial,2.9,,
1212,OTTO,Retail,2.9,,
1212,RITTER SPORT,Food,2.9,,
1212,AY YILDIZ,Telecoms & Utilities,2.9,,
1212,Mammut,Retail,2.9,,
1212,Frankfurter Allgemeine Zeitung (F.A.Z.),Media & Publishing,2.9,,
1212,MYTOYS GROUP,Retail,2.9,,
1212,Sony,Leisure & Entertainment,2.9,,
1234,LELYNX.FR,Financial Services,2.8,,
1234,HP,Technology & Electronics,2.8,,
1234,Conforama,Retail,2.8,,
1234,VITAGERMINE,Food,2.8,,
1234,KEEP COOL,Leisure & Entertainment,2.8,,
1234,Piccolinis,Food,2.8,,
1234,LES ECHOS,Media & Publishing,2.8,,
1234,Good Knight,Household & Domestic,2.8,,
1234,India Gate Basmati Rice,Food,2.8,,
1234,Mother Dairy,Food,2.8,,
1234,Mahindra Truck and Bus Division,Automotive,2.8,,
1234,Sony Max - IPL,Leisure & Entertainment,2.8,,
1234,Hike,Telecoms & Utilities,2.8,,
1234,Tata Sky Limited,Media & Publishing,2.8,,
1234,Madhya Pradesh Tourism,Transport & Tourism,2.8,,
1234,Clinton Health Access Initiative,"Non-profit, public sector & education",2.8,,
1234,JIO,Telecoms & Utilities,2.8,,
1234,Freecharge,Retail,2.8,,
1234,Titan Juxt,Clothing & Accessories,2.8,,
1234,Century Plyboards,Business & Industrial,2.8,,
1234,107.2 FM Radio Nasha - HT Media,Media & Publishing,2.8,,
1234,IDFC,Financial Services,2.8,,
1234,Sony Max - Pro Wrestling League,Leisure & Entertainment,2.8,,
1234,Jeevansathi.com,Media & Publishing,2.8,,
1234,Byjus,"Non-profit, public sector & education",2.8,,
1234,pepperfry.com,Retail,2.8,,
1260,Landmark,Retail,2.7,,
1260,Anmum,Food,2.7,,
1260,Sony New Zealand,Leisure & Entertainment,2.7,,
1260,Paw Justice,"Non-profit, public sector & education",2.7,,
1260,Mitre 10 (NZ),Retail,2.7,,
1260,Ouzo Plomari Isidoros Arvanitis,Alcoholic Drinks,2.7,,
1260,Beeline,Telecoms & Utilities,2.7,,
1260,Sberbank banka,Financial Services,2.7,,
1260,Marya,Retail,2.7,,
1260,Pro.Dobro,"Non-profit, public sector & education",2.7,,
1260,M.Video,Retail,2.7,,
1260,Chumchurum Soonhar,Alcoholic Drinks,2.7,,
1260,LG,Household & Domestic,2.7,,
1260,Donate-Poline,"Non-profit, public sector & education",2.7,,
1260,Candy Crush Soda,Leisure & Entertainment,2.7,,
1260,LG,Leisure & Entertainment,2.7,,
1260,innisfree,Toiletries & Cosmetics,2.7,,
1277,Èeskomoravská Stavební Spoøitelna﻿,Business & Industrial,2.6,,
1277,Permanent TSB﻿,Financial Services,2.6,,
1277,Pioc do Ride,Media & Publishing,2.6,,
1277,CzechTourism﻿,Transport & Tourism,2.6,,
1277,Prague Pride﻿,"Non-profit, public sector & education",2.6,,
1277,Continental Tires,Automotive,2.6,,
1277,Lucozade Sport,Soft Drinks,2.6,,
1277,Prada,Clothing & Accessories,2.6,,
1277,Villa del Sur Levité FLIP,Soft Drinks,2.6,,
1277,BBVA Francés,Financial Services,2.6,,
1277,Bubbaloo,Food,2.6,,
1277,Fundación Padre Lorenzo Massa,"Non-profit, public sector & education",2.6,,
1277,The Weeknd,Leisure & Entertainment,2.6,,
1277,ATRAPALO.COM,Transport & Tourism,2.6,,
1277,MetroGas,Telecoms & Utilities,2.6,,
1277,Koleston,Toiletries & Cosmetics,2.6,,
1277,Gansito Marinela,Food,2.6,,
1277,Nutri Rindes,Food,2.6,,
1277,Covergirl,Media & Publishing,2.6,,
1277,Guardadito,Financial Services,2.6,,
1277,The Hunger Games: Mockingjay Part 2,Leisure & Entertainment,2.6,,
1277,NP300 Frontier,Automotive,2.6,,
1277,Cerveza Dos Equis,Alcoholic Drinks,2.6,,
1277,Vinimex Total,Household & Domestic,2.6,,
1277,Expedia.mx,Transport & Tourism,2.6,,
1277,BSN Malaysia,Financial Services,2.6,,
1277,Tyskie Gronie,Alcoholic Drinks,2.6,,
1277,Warszawa,Transport & Tourism,2.6,,
1277,Żywiec Zdrój,Soft Drinks,2.6,,
1277,Druga Szansa,Leisure & Entertainment,2.6,,
1277,NJU Mobile,Telecoms & Utilities,2.6,,
1277,Krakus Szynka Eksportowa,Food,2.6,,
1277,EB,Alcoholic Drinks,2.6,,
1277,Perfect Care,Household & Domestic,2.6,,
1277,Zupełnie Nowy Testament,Leisure & Entertainment,2.6,,
1277,Elektrolit,Pharma & Healthcare,2.6,,
1277,Virgin Mobile,Telecoms & Utilities,2.6,,
1277,Multi Multi,Leisure & Entertainment,2.6,,
1277,Ubezpieczenie samochodowe,Financial Services,2.6,,
1277,Redd's,Alcoholic Drinks,2.6,,
1277,Raiffeisen Polbank,Financial Services,2.6,,
1277,Monopoly,Retail,2.6,,
1277,3M™Aura™ i 3M™ Cubitron™ II,Retail,2.6,,
1277,AXN,Media & Publishing,2.6,,
1277,Kawa Inka,Soft Drinks,2.6,,
1277,OC+AutoSzyba,Business & Industrial,2.6,,
1277,Calve,Food,2.6,,
1277,Carte D'or,Food,2.6,,
1277,Eti Çikolata,Food,2.6,,
1277,Fairy Liquid,Household & Domestic,2.6,,
1277,Türk Eğitim Vakfı (TEV),"Non-profit, public sector & education",2.6,,
1277,NN Hayat ve Emeklilik,Financial Services,2.6,,
1277,Öğretmen Akademisi Vakfı,"Non-profit, public sector & education",2.6,,
1277,Flexball Teknolojili Gilette Fusion Proglide,Toiletries & Cosmetics,2.6,,
1277,Arçelik A.Ş.,Household & Domestic,2.6,,
1277,Duru,Household & Domestic,2.6,,
1277,ABC,Household & Domestic,2.6,,
1277,Eti Canga,Food,2.6,,
1277,Sprite,Soft Drinks,2.6,,
1277,Sesu,Toiletries & Cosmetics,2.6,,
1277,Damak,Food,2.6,,
1277,Hayat Su,Soft Drinks,2.6,,
1277,Asus,Technology & Electronics,2.6,,
1277,SNS,Financial Services,2.6,,
1277,PROMINENT,Household & Domestic,2.6,,
1277,Rabobank,Financial Services,2.6,,
1277,FrieslandCampina Riedel,Food,2.6,,
1277,WOMEN INC.,"Non-profit, public sector & education",2.6,,
1277,Cristallo Glas,Business & Industrial,2.6,,
1277,YOUSURE,Financial Services,2.6,,
1277,Da komm ich her,Food,2.6,,
1277,KBC Bank,Financial Services,2.6,,
1277,Matexi,Business & Industrial,2.6,,
1277,Hans Anders,Clothing & Accessories,2.6,,
1277,Rode Kruis Vlaanderen,"Non-profit, public sector & education",2.6,,
1277,FC Zürich Frauen,Leisure & Entertainment,2.6,,
1277,Avnet,Technology & Electronics,2.6,,
1277,Swiss International Air Lines,Transport & Tourism,2.6,,
1277,INOBAT,Business & Industrial,2.6,,
1277,Delica,Food,2.6,,
1277,Wander,Food,2.6,,
1277,Swiss Life,Financial Services,2.6,,
1277,Corporación Matamoros por los Heroes,"Non-profit, public sector & education",2.6,,
1277,Manantial,Soft Drinks,2.6,,
1277,Avianca,Transport & Tourism,2.6,,
1277,Trident,Toiletries & Cosmetics,2.6,,
1277,Baileys,Alcoholic Drinks,2.6,,
1277,Alquería,Soft Drinks,2.6,,
1277,Twitter,Business & Industrial,2.6,,
1277,Reebok,Clothing & Accessories,2.6,,
1277,Sancho BBDO,Business & Industrial,2.6,,
1277,Bancolombia,Financial Services,2.6,,
1277,TOP Terra,Household & Domestic,2.6,,
1277,Diageo,Alcoholic Drinks,2.6,,
1277,StarHub,Telecoms & Utilities,2.6,,
1277,Fireball,Alcoholic Drinks,2.6,,
1277,La Roche-Posay,Toiletries & Cosmetics,2.6,,
1277,Bci Opensky,Financial Services,2.6,,
1277,Virutex,Household & Domestic,2.6,,
1277,Supremo,Soft Drinks,2.6,,
1277,Socovesa,Business & Industrial,2.6,,
1277,Quix,Household & Domestic,2.6,,
1277,Transbank,Financial Services,2.6,,
1277,Dulce Receta,Food,2.6,,
1277,Apumanque,Retail,2.6,,
1277,Consalud,Pharma & Healthcare,2.6,,
1277,ČS Erste Corporate Banking,Financial Services,2.6,,
1277,ALSA,"Non-profit, public sector & education",2.6,,
1277,Air Bank,Financial Services,2.6,,
1277,"E.ON Česká republika, s.r.o.",Telecoms & Utilities,2.6,,
1277,LMC,Business & Industrial,2.6,,
1277,Honor,Technology & Electronics,2.6,,
1277,Europai Utazasi Biztosito,Financial Services,2.6,,
1277,K&H Bank,Financial Services,2.6,,
1277,TIBI CSOKI,Food,2.6,,
1277,Orzok Alaptivany,"Non-profit, public sector & education",2.6,,
1277,Groupama Biztosito,Financial Services,2.6,,
1277,Baba,Household & Domestic,2.6,,
1277,Hungaropharma,Pharma & Healthcare,2.6,,
1277,Sport szelet,Food,2.6,,
1277,Magyar Vakok es Gyengenlatok Orsza,"Non-profit, public sector & education",2.6,,
1277,Invitel,Telecoms & Utilities,2.6,,
1277,ArkoMen,Toiletries & Cosmetics,2.6,,
1277,Megacom,Pharma & Healthcare,2.6,,
1277,Bacardi-Martini Ukraine,Alcoholic Drinks,2.6,,
1277,Kyivstar,Telecoms & Utilities,2.6,,
1277,Activia,Food,2.6,,
1277,Rollton noodles,Food,2.6,,
1277,Kamenitza AD,Alcoholic Drinks,2.6,,
1277,Rostar BG,Food,2.6,,
1277,Mobil,Telecoms & Utilities,2.6,,
1277,Postbank,Financial Services,2.6,,
1277,Moto Pfohe,Automotive,2.6,,
1277,Sin Parar,Food,2.6,,
1277,LIGA PERUANA CONTRA EL CÁNCER,"Non-profit, public sector & education",2.6,,
1277,ASOCIACIÓN MUSEO DE ARTE DE LIMA,Leisure & Entertainment,2.6,,
1277,Slovak Telekom,Telecoms & Utilities,2.6,,
1277,VÚB Banka,Financial Services,2.6,,
1277,Bergenbier,Alcoholic Drinks,2.6,,
1277,Ciucaș,Alcoholic Drinks,2.6,,
1277,BURN,Soft Drinks,2.6,,
1277,eMAG,Retail,2.6,,
1277,Grolsch,Alcoholic Drinks,2.6,,
1277,Dacia Logan Prestige,Automotive,2.6,,
1277,Eco 99 FM,Media & Publishing,2.6,,
1277,Castro,Retail,2.6,,
1277,One in Nine,"Non-profit, public sector & education",2.6,,
1277,yes,Media & Publishing,2.6,,
1277,Mizrahi Bank,Financial Services,2.6,,
1277,Bamba Extreme,Food,2.6,,
1277,Asociación Costa Rica por Siempre,"Non-profit, public sector & education",2.6,,
1277,AutoZubak,Automotive,2.6,,
1277,HEP,Telecoms & Utilities,2.6,,
1277,SATURN,Technology & Electronics,2.6,,
1277,AMF Fastigheter,Business & Industrial,2.6,,
1277,Covergirl,Toiletries & Cosmetics,2.6,,
1277,Paul,Retail,2.6,,
1277,Degree,Toiletries & Cosmetics,2.6,,
1277,Mission Impossible: Rogue Nation,Media & Publishing,2.6,,
1277,Xerox,Technology & Electronics,2.6,,
1277,Coty,Toiletries & Cosmetics,2.6,,
1277,Krylon,Household & Domestic,2.6,,
1277,Finding Dory,Leisure & Entertainment,2.6,,
1277,Sony Pictures Entertainment,Media & Publishing,2.6,,
1277,Serenito,Food,2.6,,
1277,Game of Thrones,Media & Publishing,2.6,,
1277,Yumit,Leisure & Entertainment,2.6,,
1444,Sodimac Homecenter,Business & Industrial,2.5,,
1444,Pagnifique,Food,2.5,,
1444,Elite,Household & Domestic,2.5,,
1444,Fundación Alejandra Forlán,"Non-profit, public sector & education",2.5,,
1444,PULSO,Pharma & Healthcare,2.5,,
1444,Ricardito,Food,2.5,,
1444,Aeropuerto Internacional de Carrasco,Transport & Tourism,2.5,,
1444,Club Atlético Peñarol,Leisure & Entertainment,2.5,,
1444,Canarias,Soft Drinks,2.5,,
1444,ANDA,"Non-profit, public sector & education",2.5,,
1454,Sr Toronjo,Soft Drinks,2.3,,
1454,Savanna Premium Cider,Alcoholic Drinks,2.3,,
1454,La Cocinera,Food,2.3,,
1454,Gas Natural Fenosa,Telecoms & Utilities,2.3,,
1454,Durmet,Retail,2.3,,
1454,Getafe C.F.,Leisure & Entertainment,2.3,,
1454,La Casera,Soft Drinks,2.3,,
1454,Mahou,Alcoholic Drinks,2.3,,
1454,Tigo El Salvador,Telecoms & Utilities,2.3,,
1454,Turismo de Mexico,Transport & Tourism,2.3,,
1464,Dial Direct,Financial Services,2.2,,
1464,Roads and Transport Authority (RTA),"Non-profit, public sector & education",2.2,,
1464,McCain Foods,Food,2.2,,
1464,Jackson-Triggs,Alcoholic Drinks,2.2,,
1464,Labatt Breweries of Canada,Alcoholic Drinks,2.2,,
1464,Newfoundland and Labrador Tourism,Transport & Tourism,2.2,,
1464,Raising the Roof,"Non-profit, public sector & education",2.2,,
1464,SickKids Foundation,Pharma & Healthcare,2.2,,
1464,Mitsubishi Motors Canada,Automotive,2.2,,
1464,Bud Light,Alcoholic Drinks,2.2,,
1464,Fix Auto,Automotive,2.2,,
1464,Interac Association,Financial Services,2.2,,
1464,Loto-Quebec,"Non-profit, public sector & education",2.2,,
1464,Svedka Vodka,Alcoholic Drinks,2.2,,
1464,Post Foods ULC,Food,2.2,,
1464,CrownBet,Leisure & Entertainment,2.2,,
1480,TRW Automotive Aftermarket,Automotive,2.1,,
1480,Sure,Toiletries & Cosmetics,2.1,,
1480,Plan International,"Non-profit, public sector & education",2.1,,
1480,Change4Life,"Non-profit, public sector & education",2.1,,
1480,Molson Coors,Alcoholic Drinks,2.1,,
1480,Mothercare,Retail,2.1,,
1480,Gap,Retail,2.1,,
1480,Royal Mail,Telecoms & Utilities,2.1,,
1480,Kuoni,Transport & Tourism,2.1,,
1480,Moskito Guard,Household & Domestic,2.1,,
1480,The Sun,Media & Publishing,2.1,,
1480,SIA Glass,Food,2.1,,
1480,Barncancerfonden,"Non-profit, public sector & education",2.1,,
1480,SK-II,Toiletries & Cosmetics,2.1,,
1480,Stockholmståg,Transport & Tourism,2.1,,
1480,Södertörns Högskola,"Non-profit, public sector & education",2.1,,
1480,Göteborgs Kyrkliga Stadsmission,"Non-profit, public sector & education",2.1,,
1480,Örebro universitet,"Non-profit, public sector & education",2.1,,
1480,Telia,Telecoms & Utilities,2.1,,
1480,safefood,"Non-profit, public sector & education",2.1,,
1480,Tesco Mobile Ireland,Telecoms & Utilities,2.1,,
1480,Deep RiverRock,Soft Drinks,2.1,,
1480,Bank of Ireland,Financial Services,2.1,,
1480,Bord Gáis Energy,Telecoms & Utilities,2.1,,
,,,,,
© WARC 2021. Please refer to https://warc.com/rankings/effective-100/methodology for further information,,,,,
,,,,,
,,,,,
,,,,,
,,,,,
,,,,,
,,,,,
,,,,,
,,,,,
,,,,,
,,,,,
,,,,,
,,,,,
,,,,,
,,,,,
,,,,,
,,,,,
,,,,,
,,,,,
,,,,,
,,,,,
,,,,,
,,,,,
,,,,,
,,,,,
,,,,,
,,,,,
,,,,,
,,,,,
,,,,,
,,,,,
,,,,,
,,,,,
,,,,,
,,,,,
,,,,,
,,,,,
,,,,,
,,,,,
,,,,,
,,,,,
,,,,,
,,,,,
,,,,,
,,,,,
,,,,,
,,,,,
,,,,,
,,,,,
,,,,,
,,,,,
,,,,,
,,,,,
,,,,,
,,,,,
,,,,,
,,,,,
,,,,,
,,,,,
,,,,,
,,,,,
,,,,,
,,,,,
,,,,,
,,,,,
,,,,,
,,,,,
,,,,,
,,,,,
,,,,,
,,,,,
,,,,,
,,,,,
,,,,,
,,,,,
,,,,,
,,,,,
,,,,,
,,,,,
,,,,,
,,,,,
,,,,,
,,,,,
,,,,,
,,,,,
,,,,,
,,,,,
,,,,,
,,,,,
,,,,,
,,,,,
,,,,,
,,,,,
,,,,,
,,,,,
,,,,,
,,,,,
,,,,,
,,,,,
,,,,,
,,,,,
,,,,,
,,,,,
,,,,,
,,,,,